索引,人種,年齡,髮色,髮型,瀏海,胸,上衣顏色,上衣花紋,上衣類型,下裝顏色,下裝花紋,下裝種類,下下裝顏色,鞋種類,雙手動作,表情,飾品配件,場景,動作,指甲顏色
1,African American,20-year-old woman,Accent streaks framing the face,"Airy wavy hair, natural flow",Airy bangs,"Flat chest, natural breast shape",Bright Cyan + Jet Black,Abstract Animal Print,Bandeau-Style Fabric Top,Bright Cyan + Jet Black,Abstract Animal Print,A-Line  (Narrow Hem),Apricot,50s Style Pin-up Heels,"Both hands clasped behind back, elbows slightly bent","Calm and composed expression, lips gently pressed together.",Thin gold bangle bracelet + short gold necklace + gold stud earrings,"Bright art gallery with sculptures, sunlight evenly spread","Aggressive Low Squat: Very low squatting position, legs spread max distance within the frame, soles of feet facing the camera lens (foreshortening), body compact.","Charcoal black polish, deep tone with mirror-like gloss"
2,Amazonian,30-year-old woman,Aqua Blue,Big waves starting from mid-length,Asymmetrical bangs,"Flat chest, natural breast shape, form-fitting",Bright Lemon Yellow,Abstract Brush Stroke,Camisole-Style Fabric Top,Bright Lemon Yellow,Abstract Brush Stroke,Asymmetrical Hem ,Aqua Blue,Ankle-strap flat sandals,"Both hands extended sideways, palms facing down, fingers straight","Gentle closed-lip smile, eyebrows relaxed.",Slim silver bangle bracelet + silver stud earrings + fine silver necklace,"Bright art studio with easels and paintings, sunlight uniformly spread","Back-Leaning V-Pose: Sitting and leaning back on the floor, legs lifted slightly and spread open towards the camera, knees bent, creating a dynamic depth of field.","Classic crimson red, evenly coated with a smooth glossy surface"
3,American,40-year-old woman,Ash Blonde,Chin-length bob,Blunt bangs,"Flat chest, perky breasts",Bright Orange + Cream White,Abstract Line Pattern,Camisole-Style Satin Top,Bright Orange + Cream White,Abstract Line Pattern,Bodycon ,Aqua Mint,Baby Blue Patent Heels,"Left arm crossed under chest, right hand supporting chin, fingers relaxed","Mildly curious expression, eyes slightly widened, lips relaxed.",Delicate chain bracelet + tiny pendant necklace + pearl stud earrings,"Bright balcony with small table and chairs, sunlight evenly spread","Box Perch: Sitting on a small box or cube, knees bent and opened wide to the sides, feet hooked behind the box or resting on the floor, maximizing leg visibility.","Cool gray polish, minimalist tone with low-reflection sheen"
4,Arab,50-year-old woman,Ash Brown,Chin-length straight bob,Center-parted bangs,"Flat chest, perky breasts, tight-fitting",Bright Orange + Jet Black,Abstract Wave Pattern,Crinkle Fabric Sleeveless Top,Bright Orange + Jet Black,Abstract Wave Pattern,Button-Front ,Baby Pink,Ballet Heel Boots,"Left hand extended forward with palm up, right hand extended forward with palm down","Neutral expression with relaxed features, approachable and serene.",Simple gold ring + small hoop earrings + short gold necklace,"Bright bedroom with open curtains, sunlight evenly filling space","Butterfly Sit: Sitting with soles of feet touching each other, knees pressed down towards the floor and spread wide, leaning torso forward, emphasizing the inner thighs.","Creamy ivory color, soft warmth with polished surface"
5,Brazilian,60-year-old woman,Ash brown hair with cool blonde highlights,Flowing waves with wide curls,Choppy bangs,"Large breasts, natural breast shape",Bright Orange + Navy Blue + Pure White,Brush-Style Stripe Pattern,Cropped Tube Top,Bright Orange + Navy Blue + Pure White,Brush-Style Stripe Pattern,Crinkle Fabric ,Blush Pink,"Barefoot with creamy vanilla-toned toenails, polished and evenly applied.","Left hand extended forward, fingers slightly spread, right hand extended forward, fingers slightly curved","Slightly raised eyebrows with a calm, serene expression.",Plain silver ring + silver stud earrings + fine chain necklace,"Bright bedroom with wardrobe and desk, sunlight evenly spread","Chair Edge Open: Sitting on the very edge of a chair, legs spread wide, feet planted firmly on the floor, knees pointing outward, torso upright and facing front.","Deep navy blue polish, rich tone with controlled gloss"
6,Caucasian,70-year-old woman,Ash brown hair with silver gray highlights,"Gentle wave hair, relaxed shape",Curtain bangs,"Large breasts, natural breast shape, cleavage",Bright Orange + Silver Gray + Jet Black,Cut-Out Geometric Pattern,Fine Pleated Sleeveless Top,Bright Orange + Silver Gray + Jet Black,Cut-Out Geometric Pattern,Cut-Out Detail ,Bright Orange,"Barefoot with creamy vanilla-toned toenails, polished and evenly applied.","Left hand forming gentle cupping shape in front, right hand forming gentle cupping shape in front","Soft content expression, corners of mouth gently lifted.",Leather strap watch + minimal bar necklace + silver stud earrings,"Bright classroom with large windows, evenly lit desks","Chair pose variation with feet together, knees bent deeply as if sitting back into an invisible chair, thighs squeezed and spread slightly for tension.","Deep wine red polish with a high-gloss, glass-like finish"
7,Chinese,20-year-old woman,Ash Gray,Half-up hairstyle,Curtain bangs,"Large breasts, natural breast shape, form-fitting",Bright Primary Red,Diagonal Color Block,Fluid Fabric Sleeveless Top,Bright Primary Red,Diagonal Color Block,Denim  (Slim Cut),Burgundy,"Barefoot with creamy vanilla-toned toenails, polished and evenly applied.","Left hand forming loose fist, right hand palm up as if offering","Soft grin showing minimal teeth, lips relaxed.",Rose gold cuff bracelet + micro pendant necklace + stud earrings,"Bright corridor with glass panels, sunlight filling the space","Chair straddle pose sitting backward on a chair, legs spread wide over the backrest sides, facing forward over the chair.","Dusty mauve color, finely applied with subtle luster"
8,Chinese,20-year-old woman,Ash Gray,Half-up hairstyle,Diagonal bangs,"Large breasts, perky breasts",Bright Primary Red + Jet Black,Digital Camo,Front Cut-Out Stretch Top,Bright Primary Red + Jet Black,Digital Camo,Faux Leather ,Cerulean Blue,"Barefoot with creamy vanilla-toned toenails, polished and evenly applied.","Left hand gently touching collar, right hand holding sleeve","Soft neutral smile, eyes open, relaxed jaw.",Pearl necklace + pearl stud earrings + thin gold bangle,"Bright corridor with plants, uniform natural light","Chair-edge perch with hips slightly forward, thighs angled downward, knees parted and feet placed firmly in front to emphasize long leg lines.","Forest green polish, deep earthy tone with even application"
9,Chinese,20-year-old woman,"Asymmetrical color placement, anime style",Half-up half-down hairstyle,Flat-cut bangs,"Large breasts, perky breasts, cleavage",Bright Primary Red + Pure White,Embossed Pattern,Glossy Coated Fabric Top,Bright Primary Red + Pure White,Embossed Pattern,Fine Check ,Charcoal Gray,"Barefoot with creamy vanilla-toned toenails, polished and evenly applied.","Left hand holding bag strap over shoulder, right hand adjusting hem",Subtle smirk with corners of mouth slightly upturned.,Thin choker necklace + small hoop earrings + slim ring,"Bright hallway with stairs, sunlight evenly illuminating floor","Classic Frog Squat: Full frontal deep squat, knees spread wide apart, heels lifted and touching each other under the hips, toes pointing outward, looking up at the camera.","Lavender gray polish, cool pastel tone with satin finish"
10,Chinese,20-year-old woman,Auburn,Half-up half-down with soft waves,Full straight bangs,"Large breasts, perky breasts, form-fitting cleavage",Bright Primary Red + Pure White + Jet Black,Fine Mesh Overlay,Halter-Neck Fabric Top,Bright Primary Red + Pure White + Jet Black,Fine Mesh Overlay,Fitted Knit ,Cherry Red,"Barefoot with dusty rose toenails, calm and mature in a realistic color balance.","Left hand holding hair behind head, right hand on hip","Warm friendly smile, eyes bright and attentive.",Fine chain bracelet + fine chain necklace + minimal stud earrings,"Bright nursery with soft pastel walls, uniform daylight","Deep controlled squat with knees open and heels together, hips hovering low while maintaining a steady, teasing stillness.","Midnight blue color, dark saturation with subtle shine"
11,Chinese,20-year-old woman,Auburn hair with lighter copper strands,High ponytail,Layered bangs,"Large breasts, perky breasts, tight-fitting",Bright Primary Red + Silver Gray + Jet Black,Foil Print Detail,Halter-Neck Ribbed Top,Bright Primary Red + Silver Gray + Jet Black,Foil Print Detail,Front-Slit ,Chocolate Brown,"Barefoot with dusty rose toenails, calm and mature in a realistic color balance.","Left hand holding imaginary object at shoulder height, right hand below at waist",,Thin gold bangle bracelet + pearl stud earrings,"Bright nursery with toys and pastel walls, uniform light","Deep crouch on tiptoes with knees wide and hips hovering just above the ground, torso upright and legs fully visible in a compact square composition.","Muted olive green, matte-leaning finish with smooth texture"
12,Chinese,20-year-old woman,Beige Blonde,High ponytail with smooth finish,Light straight bangs,"Large breasts, round breasts",Bright Turquoise,Glossy Coated Texture,Halter-Neck Satin Top,Bright Turquoise,Glossy Coated Texture,Glossy Coated ,Cool Gray,"Barefoot with dusty rose toenails, calm and mature in a realistic color balance.","Left hand holding skirt side, right hand resting at side",,Slim silver bangle bracelet + silver stud earrings,"Bright studio with easel and art supplies, sunlight filling room","Deep front-facing squat with knees spread wide and heels flat on the floor, hips lowered low while keeping the torso upright and centered in frame.","Muted rose pink polish, soft tone with a satin sheen"
13,Chinese,20-year-old woman,Beige blonde hair with ash blonde highlights,High twin ponytails,Long side bangs,"Large breasts, round breasts, cleavage",Bright Turquoise + Pure White,Gradient Dot Pattern,Laser-Cut Fabric Top,Bright Turquoise + Pure White,Gradient Dot Pattern,High-Waist ,Coral Pink,"Barefoot with dusty rose toenails, calm and mature in a realistic color balance.","Left hand in front of chest, right hand on opposite elbow",,Delicate chain bracelet + short gold necklace,"Bright study room with desk near window, light filling the room","Deep goblet squat holding an imaginary weight, feet flat and slightly turned out, knees tracking over toes and pushed wide, body perfectly balanced in the center.","Nude beige polish, natural tone with a refined glossy finish"
14,Desi,20-year-old woman,Black hair with blue highlights,Large loose waves,Piecey bangs,"Large breasts, round breasts, form-fitting",Bright Turquoise + Pure White + Silver Gray,Graphic Floral Print,Layered Sheer Top,Bright Turquoise + Pure White + Silver Gray,Graphic Floral Print,Layered Panel ,Cream,"Barefoot with dusty rose toenails, calm and mature in a realistic color balance.","Left hand lightly resting on table edge, right hand forming loose fist nearby",,Simple gold ring + diamond stud earrings,Bright sunlit bedroom with large windows and soft curtains,"Deep goddess squat with feet wider than hips but toes forward, knees bent low and tracking outward, heels down for a powerful centered stance.","Pale sky blue polish, light tone with clean, uniform finish"
15,European,20-year-old woman,Black hair with deep blue undertones,Lightly wavy shoulder-length hair,See-through bangs,"Medium breasts, natural breast shape",Burgundy Red + Charcoal Gray,Graphic Symbol Pattern,Lightweight Chiffon Top,Burgundy Red + Charcoal Gray,Graphic Symbol Pattern,Low-Rise ,Crimson Red,"Barefoot with elegant dark emerald green toenails, polished to a high-end finish.","Left hand on chest, palm flat, fingers together, right hand on chest parallel, fingers together",,Plain silver ring + small hoop earrings,"Bright terrace with city view, soft daylight evenly filling space","Deep horse stance squat with feet wider than hips, toes turned slightly out, knees bent low and pushed outward.","Pure snow white polish, opaque coverage with clean finish"
16,Filipina,30-year-old woman,Black hair with hidden gray inner highlights,Long hair with flowing ends,Side-swept bangs,"Medium breasts, natural breast shape, cleavage",Burgundy Red + Cream White + Charcoal Gray,Grid Pattern,Lightweight Organza Top,Burgundy Red + Cream White + Charcoal Gray,Grid Pattern,Matte Fabric ,Deep Purple,"Barefoot with elegant dark emerald green toenails, polished to a high-end finish.","Left hand on left waist, right hand on right waist, elbows slightly outward",,Leather strap watch + fine silver necklace,"Bright terrace with lounge furniture, even daylight across area","Deep kneeling position with knees wide apart on the floor, shins flat and toes pointed backward, sitting back on heels while keeping torso tall and facing the camera.","Rich chocolate brown polish, warm undertone with gentle gloss"
17,Hispanic,30-year-old woman,Black hair with neon blue inner highlights,Long hair with loose waves,Side-swept bangs,"Medium breasts, natural breast shape, form-fitting",Burgundy Red + Pure White,Heat-Pressed Pattern,Mesh Overlay Top,Burgundy Red + Pure White,Heat-Pressed Pattern,Mesh-Overlay ,Emerald Green,"Barefoot with elegant dark emerald green toenails, polished to a high-end finish.","Left hand on right shoulder, right hand on left shoulder, fingers relaxed",,Rose gold cuff bracelet + gold stud earrings,"Contemporary bathroom with vanity mirror, sunlight uniformly bright","Deep plié-style squat facing forward, knees rotated outward and heels grounded, hips lowered slowly for a poised yet provocative stance.","Smoky plum color, dark muted purple with elegant sheen"
18,Indian,30-year-old woman,Black hair with purple highlights,Long hair with soft inward curl at the ends,Soft bangs,"Medium breasts, perky breasts",Charcoal Gray,Horizontal Color Block,Metallic Finish Fabric Top,Charcoal Gray,Horizontal Color Block,Metallic Finish ,Grape Purple,"Barefoot with elegant dark emerald green toenails, polished to a high-end finish.","Left hand palm inward at hip, right hand palm inward at opposite hip",,Fine chain bracelet + tiny pendant necklace,"Contemporary bedroom with canopy bed, sunlight evenly filling room","Deep sumo squat with feet wider than shoulders, toes turned out, knees pushed outward and bent super low, thighs parallel to the ground.","Soft caramel beige color, smooth coating with refined shine"
19,Indigenous,30-year-old woman,Black hair with red accent streaks,Long hair with soft volume,Soft curtain bangs,"Medium breasts, perky breasts, cleavage",Chocolate Brown,Ink Splash Pattern,Micro-Pattern Sleeveless Top,Chocolate Brown,Ink Splash Pattern,Micro ,Hot Pink,"Barefoot with elegant dark emerald green toenails, polished to a high-end finish.","Left hand pointing downward, right hand pointing forward",,Pearl necklace + pearl stud earrings,"Contemporary kitchen with large island, sunlight evenly spread","Deep wall squat with back against the wall, thighs parallel to the floor, knees spread wide apart, feet flat and turned out.","Soft pastel pink polish, clean edges and gentle shine"
20,Indonesian,30-year-old woman,Black hair with subtle brown highlights,Long layered hair,Soft layered fringe,"Medium breasts, perky breasts, form-fitting cleavage",Chocolate Brown + Cream White,Laser-Cut Pattern,Minimal Cut-Out Fabric Top,Chocolate Brown + Cream White,Laser-Cut Pattern,Minimal Pattern ,Ice Blue,"Barefoot with glossy wine red toenails, reflecting light for a refined, high-quality look.","Left hand pointing forward, right hand forming loose fist at side",,Thin choker necklace + small hoop earrings,"Contemporary kitchen with open shelves, bright natural light","Edge of Bed/Sofa: Sitting on the edge of a bed or soft surface, sinking slightly, legs spread wide with knees dropping to the sides, feet touching the floor.","Warm taupe color, balanced neutral shade with smooth coating"
21,Japanese,30-year-old woman,Black hair with subtle purple highlights,Long straight hair,Soft side bangs,"Medium breasts, perky breasts, tight-fitting",Chocolate Brown + Cream White + Gold,Light Tie-Dye,Minimal Graphic Print Top,Chocolate Brown + Cream White + Gold,Light Tie-Dye,Minimal Pleated  (Tight Pleats),Ivory,"Barefoot with glossy wine red toenails, reflecting light for a refined, high-quality look.","Left hand reaching diagonally across body, right hand supporting wrist",,Minimal bar necklace + silver stud earrings,"Contemporary kitchen with wooden cabinets, bright ambient daylight","Front-facing deep plié squat in ballet style, heels together and toes turned out wide, knees bent low and pushed outward over the toes.",
22,Japanese,30-year-old woman,Blonde hair with darker roots and lighter ends,Long straight hair,Straight bangs,"Medium breasts, round breasts",Chocolate Brown + Warm Beige + Forest Green,Line-Art Floral Pattern,Minimal Lace-Overlay Top,Chocolate Brown + Warm Beige + Forest Green,Line-Art Floral Pattern,Panel-Seamed ,Jade Green,"Barefoot with glossy wine red toenails, reflecting light for a refined, high-quality look.","Left hand reaching upward, right hand slightly bent, fingers relaxed",,Slim ear cuff + small gold ring,"Contemporary library with long tables, sunlight evenly illuminating space","High Stool Perch: Perched on a high bar stool, heels hooked on the high rung, knees spread apart, showcasing the full length of thighs and calves in the center.",
23,Japanese,40-year-old woman,Blonde hair with light blue highlights,Long straight hair with blunt bangs,Thick straight bangs,"Medium breasts, round breasts, cleavage",Cool Light Gray,Marble Vein Pattern,One-Shoulder Ribbed Knit Top,Cool Light Gray,Marble Vein Pattern,Patent Leather ,Jet Black,"Barefoot with glossy wine red toenails, reflecting light for a refined, high-quality look.","Left hand resting on neck, right hand on shoulder",,Leather bracelet + plain silver ring,"Contemporary office with computer desk, bright ambient daylight","Idol Balance Squat: Squatting with one knee lower than the other, legs open, balancing on balls of feet, keeping the entire lower body visible within the square frame.",
24,Japanese,40-year-old woman,Blonde hair with lowlight brown strands,Long straight hair with blunt bangs,Thin bangs,"Medium breasts, round breasts, form-fitting",Cool Light Gray + Bright Orange,Metallic Accent Pattern,One-Shoulder Satin Top,Cool Light Gray + Bright Orange,Metallic Accent Pattern,Pencil-Style ,Lavender,"Barefoot with glossy wine red toenails, reflecting light for a refined, high-quality look.","Left hand resting on table or object, right hand lightly on top",,Beaded bracelet + simple stud earrings,"Contemporary office with desk and laptop, evenly lit by daylight","Kneeling with knees spread wide on a soft surface, sitting back toward heels, shins parallel and toes pointed straight back for teasing exposure.",
25,Japanese,40-year-old woman,Blonde hair with pink highlights,Long straight hair with side bangs,Wispy bangs,"Small-to-medium breasts, natural breast shape",Copper Brown + Off White,Micro Check Pattern,One-Shoulder Stretch Top,Copper Brown + Off White,Micro Check Pattern,Ribbed Knit ,Lemon Yellow,"Barefoot with light coral toenail polish, balanced and realistic under natural lighting.","Left hand resting on thigh, right hand lightly touching knee",,Gold stud earrings + fine chain necklace,"Cozy caf? corner with tables and chairs, uniform daylight","Knees Up Open: Sitting with legs extended forward but knees pulled up high and separated, feet flat on the floor, camera looking slightly down between the knees.",
26,Japanese,40-year-old woman,Blonde hair with purple inner highlights,Long straight hair with side-swept bangs,Wispy bangs,"Small-to-medium breasts, natural breast shape, form-fitting",Cream White,Micro Polka Dots,Ribbed Knit Crop Top,Cream White,Micro Polka Dots,Ribbed Stretch ,Lilac,"Barefoot with light coral toenail polish, balanced and realistic under natural lighting.","Left hand slightly raised, fingers relaxed, right hand behind back",,Silver stud earrings + short silver necklace,"Cozy caf? terrace, sunlight evenly illuminating chairs and tables","Ladder Sit: Sitting on a rung of a stepladder, legs straddling the sides of the ladder, knees open and feet dangling or resting on a lower rung, centered composition.",
27,Japanese,40-year-old woman,Blue Black,Loose beach waves,,"Small-to-medium breasts, perky breasts",Deep Crimson + Cream White,Micro Stripes,Semi-Sheer Stretch Top,Deep Crimson + Cream White,Micro Stripes,Satin ,Lime Green,"Barefoot with light coral toenail polish, balanced and realistic under natural lighting.","Left hand touching cheek, right hand gently holding wrist",,Thin stacking ring + slim cuff bracelet,"Cozy living area with sofa and coffee table, sunlight evenly filling space","Legs Forward Spread: Sitting on the ground, legs extended straight forward towards the camera but spread wide in a V-shape, soles of feet visible, high-angle shot to keep feet in frame.",
28,Korean,40-year-old woman,Blue Black,Loose braid over one shoulder,,"Small-to-medium breasts, perky breasts, form-fitting cleavage",Deep Crimson + Cream White + Charcoal Gray,Minimal Camouflage,Sheer Mesh Sleeveless Top,Deep Crimson + Cream White + Charcoal Gray,Minimal Camouflage,Sculpted Fit ,Metallic Gold,"Barefoot with light coral toenail polish, balanced and realistic under natural lighting.","Left hand touching chin lightly, right hand on cheek",,Minimal drop earrings + short chain necklace,"Cozy living room with fireplace, bright natural light from window","Low Crouch on Heels: Balancing on toes in a low crouch, knees flared out completely to the sides, thighs forming a horizontal line, direct eye contact.",
29,Korean,50-year-old woman,Blue hair with lighter blue highlights,Loose braid over one shoulder,,"Small-to-medium breasts, perky breasts, tight-fitting",Deep Crimson + Pure White + Jet Black,Minimal Floral Print,Side Cut-Out Sleeveless Top,Deep Crimson + Pure White + Jet Black,Minimal Floral Print,Seam-Detail ,Metallic Silver,"Barefoot with light coral toenail polish, balanced and realistic under natural lighting.","Left hand touching hair near ear, right hand resting at side",,Small hoop earrings + delicate chain bracelet,"Cozy reading corner with small bookshelf, uniform natural light","Low crouch with feet flat and knees wide, torso upright and centered, legs forming a powerful open frame in the square composition.",
30,Korean,50-year-old woman,Blue hair with white accent highlights,Loose low ponytail,,"Small-to-medium breasts, round breasts",Deep Forest Green,Minimal Geometric Pattern,Sleeveless Jersey Top,Deep Forest Green,Minimal Geometric Pattern,Semi-Sheer Layer ,Midnight Blue,"Barefoot with muted plum toenails, elegant without appearing overly bold.",,,Plain ring + satin ribbon choker,Cozy reading nook with uniform warm lighting and bookshelf,"Low crouch with knees bent deeply and spread wide, feet flat and apart, body lowered close to the ground like a wide plié squat.",
31,Korean,50-year-old woman,Brown hair with lighter face-framing highlights,Loose wave bob,,"Small-to-medium breasts, round breasts, form-fitting",Deep Forest Green + Khaki,Minimal Logo Pattern,Sleeveless Ribbed Knit Top,Deep Forest Green + Khaki,Minimal Logo Pattern,Side-Slit ,Mint Green,"Barefoot with muted plum toenails, elegant without appearing overly bold.",,,"Thin gold bangle bracelet, smooth surface, worn on left wrist","Cozy study nook with desk and lamp off, bright natural light","Low curtsy lunge facing forward, one leg bent deeply in front, the back leg extended straight behind but knee softly bent, feet both visible and centered.",
32,Korean,50-year-old woman,Brown hair with natural sun-kissed highlights,Loose wavy hair,,,Deep Navy Blue + Metallic Gold,Minimal Plaid,Sleeveless Satin Top,Deep Navy Blue + Metallic Gold,Minimal Plaid,Side-Tie ,Mustard Yellow,"Barefoot with muted plum toenails, elegant without appearing overly bold.",,,"Slim silver bangle bracelet, matte finish, worn on right wrist","Garden patio with wooden deck, sunlight evenly hitting the space","Low forward fold squat with knees wide and bent, torso upright and chest proud, feet flat and turned out to keep everything centered.",
33,Korean,60-year-old woman,Brown hair with pink highlights,Low bun with loose strands,,,Deep Teal Blue + Pure White,Minimal Star Pattern,Sleeveless Silk-Blend Top,Deep Teal Blue + Pure White,Minimal Star Pattern,Silk-Blend ,Navy Blue,"Barefoot with muted plum toenails, elegant without appearing overly bold.",,,"Delicate gold chain bracelet, minimal links, worn loosely","Minimalist bathroom with glass shower, daylight uniformly bright","Low hover squat with heels lifted and knees pushed wide, hips suspended mid-air, tension focused in the thighs for a controlled seductive pose.",
34,Korean,60-year-old woman,Brown hair with pink inner highlights,Low bun with loose strands,,,Emerald Green + Charcoal Gray,Modern Leopard Print,Sleeveless Stretch Fabric Top,Emerald Green + Charcoal Gray,Modern Leopard Print,Slanted Waist ,Ocean Blue,"Barefoot with muted plum toenails, elegant without appearing overly bold.",,,"Fine silver chain bracelet, subtle shine, worn close to wrist","Minimalist living room with white sofa, evenly illuminated by daylight","Low lunge variation with one knee on the ground and the other leg extended forward wide, both facing directly front for symmetry.",
35,Latina,60-year-old woman,Brown hair with rose brown highlights,Low ponytail,,,Emerald Green + Cream White,Modern Zebra Pattern,Slim-Fit Sleeveless Top,Emerald Green + Cream White,Modern Zebra Pattern,Slim-Fit ,Olive Green,"Barefoot with neatly trimmed toenails painted in a natural soft pink, giving a clean and realistic appearance.",,,"Rose gold cuff bracelet, thin profile, worn on left wrist","Minimalist office with white walls, evenly lit by large windows","Low seated pose on the edge of a chair, legs spread forward with feet planted flat and toes pointing toward the camera, thighs dominating the lower frame.",
36,Lebanese,70-year-old woman,Brown hair with soft copper highlights,Low ponytail,,,Emerald Green + Cream White + Chocolate Brown,Monogram Print,Soft Drape Fabric Top,Emerald Green + Cream White + Chocolate Brown,Monogram Print,Smooth Leather ,Pastel Blue,"Barefoot with neatly trimmed toenails painted in a natural soft pink, giving a clean and realistic appearance.",,,"Minimal leather strap watch, brown leather, small round dial","Minimalist workspace with white desk, sunlight uniformly bright","Low squat balanced on the balls of the feet, knees wide and hips dropped low, torso upright and facing the camera for a bold frontal silhouette.",
37,Mexican,,Burgundy,Low twin ponytails,,,Emerald Green + Pure White,Ombre Fade,Soft Knit Crop Top,Emerald Green + Pure White,Ombre Fade,Solid Color ,Pastel Green,"Barefoot with neatly trimmed toenails painted in a natural soft pink, giving a clean and realistic appearance.",,,"Simple gold ring, thin band, worn on left ring finger","Modern bathroom with large window, daylight uniformly bright","Low squat on a stair step, knees open and feet on the same level, hips dropped low while maintaining perfect front-facing balance.",
38,Mixed race,,Chestnut Brown,Low twisted bun,,,Emerald Green + Pure White + Silver Gray,Pinstripes,Soft Transparent Fabric Top,Emerald Green + Pure White + Silver Gray,Pinstripes,Straight-Cut ,Pastel Pink,"Barefoot with neatly trimmed toenails painted in a natural soft pink, giving a clean and realistic appearance.",,,"Plain silver ring, narrow band, worn on right index finger","Modern bathroom with white tiles, uniform natural light from window","Low squat on the floor with toes pointing outward and knees wide, hips dropped close to the ground while keeping the body perfectly centered.",
39,Native American,,Chestnut Brown,Medium hair with face-framing strands,,,Emerald Green + Warm Beige,Pixel Gradient Pattern,Soft-Fit Tube Top,Emerald Green + Warm Beige,Pixel Gradient Pattern,Stretch Denim ,Pastel Purple,"Barefoot with neatly trimmed toenails painted in a natural soft pink, giving a clean and realistic appearance.",,,"Small gemstone ring, clear stone, silver setting","Modern dining room with large table, sunlight filling entire room","Low sumo squat stance with feet shoulder-width apart, knees bent deeply and pushed outward, thighs parallel to the ground, body centered and upright facing forward.",
40,Nigerian,,Chestnut brown hair with lighter brown highlights,Medium hair with gentle curls,,,Emerald Green + Warm Beige + Chocolate Brown,Pleated Texture,Strapless Knit Top,Emerald Green + Warm Beige + Chocolate Brown,Pleated Texture,Stretch Fabric ,Peach,"Barefoot with pale yellow toenails, subtle and cute in a light illustration tone.",,,"Pearl stud earrings, small size, worn on both earlobes","Modern dining room with large window, daylight filling the table","M-Shape Sit: Sitting on the floor facing forward, knees bent upwards and spread wide apart, heels drawn close to the body, forming a distinct ""M"" shape with legs.",
41,Nordic,,Chocolate Brown,Medium hair with side-swept bangs,,,Emerald Green + Warm Beige + Off White,Polka Dots,Strapless Ribbed Top,Emerald Green + Warm Beige + Off White,Polka Dots,Suede ,Plum,"Barefoot with pale yellow toenails, subtle and cute in a light illustration tone.",,,"Diamond stud earrings, tiny round cut, understated sparkle","Modern kitchen with even daylight, polished surfaces reflecting light","Middle split seated on the floor facing forward, legs extended straight out to the sides in a perfect 180-degree straddle, torso centered.",
42,Olive,,Chocolate Brown,Medium-length hair with loose waves,,,Forest Green + Copper Brown,Quilted Micro Pattern,Strapless Satin Top,Forest Green + Copper Brown,Quilted Micro Pattern,Textured Fabric ,Pure White,"Barefoot with pale yellow toenails, subtle and cute in a light illustration tone.",,,"Silver stud earrings, flat disc shape","Modern kitchen with island and stools, uniform daylight","Perched on the edge of a low platform, legs extended forward with knees softly apart, heels grounded to keep the entire lower body in frame.",
43,Pakistani,,"Colored tips, bright color at hair ends",Medium-length hair with soft bends,,,Forest Green + Copper Brown + Cream White,Repeating Diamond Pattern,Stretch Fabric Crop Top,Forest Green + Copper Brown + Cream White,Repeating Diamond Pattern,Two-Tone Panel ,Rose Pink,"Barefoot with pale yellow toenails, subtle and cute in a light illustration tone.",,,"Gold stud earrings, minimal dot design","Modern kitchen with marble countertop, evenly lit by daylight","Reverse Chair Straddle: Straddling a chair facing the backrest (but camera is in front), legs spread wide around the chair legs, knees pointing forward.",
44,Persian,,Copper,Medium-length layered hair,,,Forest Green + Copper Brown + Off White,Repeating Triangle Pattern,Textured Fabric Sleeveless Top,Forest Green + Copper Brown + Off White,Repeating Triangle Pattern,Ultra-High-Waist ,Sand Beige,"Barefoot with pale yellow toenails, subtle and cute in a light illustration tone.",,,"Small hoop earrings, thin gold hoops","Modern library with glass roof, daylight uniformly illuminating shelves","Seated butterfly stretch on the floor, soles of feet together but knees pushed super wide and low to the sides, legs forming a diamond shape.",
45,Polynesian,,Crimson Red,Medium-length straight hair,,,Forest Green + Khaki + Off White,Ribbed Fabric Texture,Thin-Strap Fabric Top,Forest Green + Khaki + Off White,Ribbed Fabric Texture,Ultra-Slim ,Scarlet Red,"Barefoot with pastel coral toenails, softly colored in a gentle anime-inspired tone.",,,"Small hoop earrings, thin silver hoops","Modern living room with glass wall, daylight evenly filling interior","Seated on a low stool with legs split wide over the edges, feet dangling or placed apart to emphasize thigh length.",
46,Slavic,,Dark Blonde,Messy bun with soft strands,,,Forest Green + Off White,Scattered Petal Print,Thin-Strap Ribbed Top,Forest Green + Off White,Scattered Petal Print,Wrap-Style  (Tight Fit),Seafoam Green,"Barefoot with pastel coral toenails, softly colored in a gentle anime-inspired tone.",,,"Short gold necklace, fine chain, resting at collarbone","Modern living room with white walls and sofa, uniform bright light","Seated on a stair landing with legs forward and knees gently parted, feet placed evenly to maintain balance and full leg visibility.",
47,South Asian,,Dark blonde hair with lighter blonde highlights,"Natural big waves, relaxed volume",,,Forest Green + Silver Gray,Semi-Sheer Mesh Texture,Thin-Strap Satin Top,Forest Green + Silver Gray,Semi-Sheer Mesh Texture,Wrinkle-Texture ,Sky Blue,"Barefoot with pastel coral toenails, softly colored in a gentle anime-inspired tone.",,,"Short silver necklace, minimal chain, clean finish","Modern office with white desk and chair, uniform daylight","Seated on stairs with legs spread wide across multiple steps, feet placed on lower steps to elongate and expose full leg lines.",
48,Thai,,Dark Brown,"Natural wave hair, subtle texture",,,Forest Green + Silver Gray + Jet Black,Small Heart Pattern,Thin-Strap Stretch Top,Forest Green + Silver Gray + Jet Black,Small Heart Pattern,Zip-Front ,Soft Mocha,"Barefoot with pastel coral toenails, softly colored in a gentle anime-inspired tone.",,,"Tiny pendant necklace, single small charm","Open balcony with city view, soft natural daylight","Seated on the edge of a chair with legs spread apart in a V shape, feet flat on the floor pointing forward, knees bent and hips pushed slightly forward.",
49,Turkish,,Dark brown hair with red highlights,Rounded bob with inward ends,,,Grass Green + Cream White,Soft Cloud Pattern,Tube Top with Structured Fabric,Grass Green + Cream White,Soft Cloud Pattern,,Sunshine Yellow,"Barefoot with pastel coral toenails, softly colored in a gentle anime-inspired tone.",,,"Pearl necklace, small pearls, simple strand","Open garden patio with lounge chairs, light evenly filling the area","Seated on the edge of stairs with one leg extended down a step and the other spread wide to the side, maximizing leg length visibility.",
50,Vietnamese,,Dark brown hair with soft caramel highlights,Short bob haircut,,,Grass Green + Lemon Yellow,Soft Crinkle Fabric,Wrinkle-Texture Fabric Top,Grass Green + Lemon Yellow,Soft Crinkle Fabric,,Tangerine,"Barefoot with pastel lavender toenails, softly shaded in an anime-inspired color palette.",,,"Thin choker necklace, smooth metal, subtle fit","Open living space with sofa and coffee table, bright uniform light","Seated on the floor leaning slightly back, knees bent high and spread apart, feet flat on the ground close to the body pointing forward.",
51,,,Dark brown hair with wine red highlights,Short hair tucked behind ears,,,Grass Green + Lemon Yellow + Cream White,Soft Marble Texture,,Grass Green + Lemon Yellow + Cream White,Soft Marble Texture,,Taupe,"Barefoot with pastel lavender toenails, softly shaded in an anime-inspired color palette.",,,"Satin ribbon choker, neutral color, simple knot","Open terrace with potted plants, uniform bright daylight","Seated on the floor with knees bent and spread wide apart, feet soles pressed together close to the body, toes pointing outward in a butterfly stretch pose.",
52,,,Dark hair with subtle warm highlights throughout,Short hair with wispy bangs,,,Grass Green + Lemon Yellow + Pure White,Soft Smoke Pattern,,Grass Green + Lemon Yellow + Pure White,Soft Smoke Pattern,,Teal,"Barefoot with pastel lavender toenails, softly shaded in an anime-inspired color palette.",,,"Minimal bar necklace, horizontal bar pendant","Open-air caf? with tables and umbrellas, sunlight evenly distributed","Seated on the floor with legs extended forward and slightly apart, knees relaxed outward, ankles grounded to keep the full leg length within frame.",
53,,,Deep Purple,Short layered haircut,,,Grass Green + Pure White + Silver Gray,Solid Color,,Grass Green + Pure White + Silver Gray,Solid Color,,True Red,"Barefoot with pastel lavender toenails, softly shaded in an anime-inspired color palette.",,,"Fine chain necklace, no pendant","Open-plan living room with dining table, bright natural light","Seated on the floor with legs spread in a wide front straddle, knees straight, toes pointed forward, back upright and centered for a clean symmetrical view.",
54,,,Deep Red,Short straight bob,,,Grass Green + Warm Beige,Solid Color,,Grass Green + Warm Beige,Solid Color,,Turquoise,"Barefoot with pastel lavender toenails, softly shaded in an anime-inspired color palette.",,,"Single pearl drop earring, short length","Open-plan living room with sofa and coffee table, evenly lit by daylight","Seated pose on a bench with legs stretched forward and slightly separated, knees relaxed outward to maximize visible leg length.",
55,,,"Dual-tone hair, dark roots with bright colored ends",Short straight haircut with side bangs,,,Hot Magenta,Solid Color,,Hot Magenta,Solid Color,,Violet,"Barefoot with pearl white toenails, softly reflective and clean in appearance.",,,"Slim ear cuff, plain gold, upper ear","Open-plan office with desks, bright natural light","Seated straddle on a chair facing forward, legs hanging open over the sides, knees softly bent and feet dangling or lightly touching the ground.",
56,,,Emerald Green,Shoulder-length straight hair,,,Hot Magenta + Jet Black,Solid Color,,Hot Magenta + Jet Black,Solid Color,,Warm Gray,"Barefoot with pearl white toenails, softly reflective and clean in appearance.",,,"Slim ear cuff, plain silver, upper ear","Serene bedroom with white walls, large windows letting in even sunlight","Sitting on a chair with legs in a wide second position, feet turned out and placed far apart on the floor, knees bent outward.",
57,,,Espresso Brown,Shoulder-length straight hair,,,Hot Magenta + Pure Cyan + Jet Black,Solid Color,,Hot Magenta + Pure Cyan + Jet Black,Solid Color,,Wine Red,"Barefoot with pearl white toenails, softly reflective and clean in appearance.",,,"Leather bracelet, thin brown leather strap","Spacious art studio with paint supplies, sunlight evenly spread","Sitting on a low chair with legs draped wide apart over the sides, feet flat on the floor, knees bent and spread maximally outward.",
58,,,Golden Blonde,Side ponytail,,,Indigo Purple,Solid Color,,Indigo Purple,Solid Color,,,"Barefoot with pearl white toenails, softly reflective and clean in appearance.",,,"Leather bracelet, thin black leather strap","Spacious bedroom with canopy bed, sunlight uniformly bright","Sitting on a low step or stairs with legs draped open, knees bent and feet planted one step below, thighs spread comfortably while facing directly forward.",
59,,,Golden Brown,Simple braided half-up style,,,Indigo Purple + Cream White,Solid Color,,Indigo Purple + Cream White,Solid Color,,,"Barefoot with pearl white toenails, softly reflective and clean in appearance.",,,"Beaded bracelet, small neutral beads","Spacious bedroom with large window, soft daylight evenly filling room","Sitting on the floor with legs in a wide front split attempt, one leg forward and one back but adjusted for frontal wide spread.",
60,,,"Gradient hair, black fading to blue",Simple side ponytail,,,Indigo Purple + Cream White + Jet Black,Solid Color,,Indigo Purple + Cream White + Jet Black,Solid Color,,,"Barefoot with rich chocolate brown toenails, understated and luxurious in tone.",,,"Simple knot bracelet, fabric cord, neutral tone","Spacious bedroom with open curtains, sunlight uniformly bright","Staircase Spread: Sitting on a staircase step, legs open wide with feet placed on lower steps, knees higher than hips, creating a strong triangular composition.",
61,,,"Gradient hair, black fading to silver",Single loose braid,,,Indigo Purple + Metallic Gold,Solid Color,,Indigo Purple + Metallic Gold,Solid Color,,,"Barefoot with rich chocolate brown toenails, understated and luxurious in tone.",,,"Gold chain anklet, thin and minimal","Spacious living room with floor-to-ceiling windows, bright ambient light","Standing wide straddle with legs spread far apart, slight bend in knees, toes forward for a tall elongated leg display.",
62,,,"Gradient hair, blue fading to cyan","Sleek straight hair, tucked behind ears",,,Indigo Purple + Metallic Gold + Jet Black,Solid Color,,Indigo Purple + Metallic Gold + Jet Black,Solid Color,,,"Barefoot with rich chocolate brown toenails, understated and luxurious in tone.",,,"Silver chain anklet, fine links","Spacious loft with high ceiling, bright daylight filling space","Standing with both feet on a low platform or step, performing a deep squat with knees tracked wide apart, heels lifted slightly for extra leg length.",
63,,,"Gradient hair, brown fading to blonde",Slightly wavy long hair,,,Indigo Purple + Silver Gray,Solid Color,,Indigo Purple + Silver Gray,Solid Color,,,"Barefoot with rich chocolate brown toenails, understated and luxurious in tone.",,,"Small charm bracelet, single charm only","Spacious loft with sofa and bookshelf, sunlight evenly illuminating space","Standing with one foot placed high on a low stool in front, knee bent at 90 degrees, other leg straight down, hips squared to the camera for full leg exposure.",
64,,,"Gradient hair, dark purple to pink",Soft big-wave hair,,,Indigo Purple + Silver Gray + Cream White,Subtle Gradient,,Indigo Purple + Silver Gray + Cream White,Subtle Gradient,,,"Barefoot with rich chocolate brown toenails, understated and luxurious in tone.",,,"Minimal signet ring, small flat top","Spacious nursery with crib, soft daylight filling the room","Step Up Pose: One foot placed on a higher step/platform, the other on the floor, legs wide apart in a deep lunge-like stance, facing the camera directly.",
65,,,"Gradient hair, green fading to yellow",Soft glamorous waves (not tight),,,Indigo Purple + Silver Gray + Jet Black,Subtle Lace Overlay,,Indigo Purple + Silver Gray + Jet Black,Subtle Lace Overlay,,,"Barefoot with rose gold toenails, subtly metallic and premium in texture.",,,"Thin stacking ring, worn alone","Spacious studio with painting materials, even daylight","Super deep cossack squat shifting side to side but centered frontally, one leg bent low and the other extended wide.",
66,,,"Gradient hair, pink fading to lavender",Soft waves with layered cut,,,Jet Black,Textured Fabric Weave,,Jet Black,Textured Fabric Weave,,,"Barefoot with rose gold toenails, subtly metallic and premium in texture.",,,"Matte metal bangle, soft finish","Sunlit art gallery with white walls, uniform illumination on paintings","Super deep frog squat with knees spread wide apart like a playful frog, heels pressed together directly under the body, toes pointed outward, back straight and chest forward for perfect balance.",
67,,,"Gradient hair, purple fading to white",Soft wavy hair,,,Jet Black + Metallic Gold,Thin Herringbone,,Jet Black + Metallic Gold,Thin Herringbone,,,"Barefoot with rose gold toenails, subtly metallic and premium in texture.",,,"Polished metal bangle, high shine","Sunlit balcony garden with hanging plants, even illumination","Super deep kawaii frog squat with knees bent extremely low and spread wide apart like a playful frog, heels pressed tightly together directly under the body, toes pointed outward, maintaining perfect balance.",
68,,,"Gradient hair, red fading to orange",Straight hair with soft inward ends,,,Jet Black + Metallic Silver,Thin Horizontal Stripes,,Jet Black + Metallic Silver,Thin Horizontal Stripes,,,"Barefoot with rose gold toenails, subtly metallic and premium in texture.",,,"Short pearl choker, evenly spaced pearls","Sunlit balcony with plants, evenly bright daylight","Super low goblet squat hold with feet wide, toes pointed out, knees tracking over toes and spread maximally.",
69,,,"Gradient hair, teal fading to light green",Straight hair with soft volume,,,Lavender Purple,Thin Vertical Stripes,,Lavender Purple,Thin Vertical Stripes,,,"Barefoot with rose gold toenails, subtly metallic and premium in texture.",,,"Simple chain choker, no ornament","Sunlit bedroom with cozy bed and bedside lamp off, evenly lit","Toes-In Squat: Deep squat pose, knees bent and pointing inward slightly while feet are placed wide apart, creating a cute yet alluring inward leg line, full body centered.",
70,,,Gray hair with blue highlights,Straight layered hair,,,Magenta + Cream White + Charcoal Gray,Two-Tone Color Block,,Magenta + Cream White + Charcoal Gray,Two-Tone Color Block,,,"Barefoot with soft gray toenails, modern and minimal under even lighting.",,,"Micro pendant necklace, barely visible","Sunlit caf? interior with bar counter, evenly illuminated","Ultra-low frog-style squat facing the camera, knees pushed outward, heels kept close together under the body, toes angled outward for a playful, teasing balance.",
71,,,Gray hair with darker ash lowlights,Twin braids,,,Magenta + Jet Black + Pure White,Typographic Print,,Magenta + Jet Black + Pure White,Typographic Print,,,"Barefoot with soft gray toenails, modern and minimal under even lighting.",,,"Plain hoop earrings, very small diameter","Sunlit caf? interior with wooden tables, bright warm light","Very low cossack squat shifting weight to one side, one leg bent deeply with knee out, the other leg extended sideways but knee soft and foot fully in frame.",
72,,,Green hair with yellow accent streaks,Twin ponytails,,,Magenta + Pure White,Vertical Color Block,,Magenta + Pure White,Vertical Color Block,,,"Barefoot with soft gray toenails, modern and minimal under even lighting.",,,"Flat disc earrings, minimal geometry","Sunlit garden path with flowers on both sides, light uniform","W-Sit (Seiza Variation): Kneeling on the floor with hips between heels, knees spread wide apart to form a ""W"" shape, facing the camera directly.",
73,,,Green hair with yellow highlights,Twin tails with ribbons,,,Magenta + Pure White + Jet Black,Wrinkle Texture,,Magenta + Pure White + Jet Black,Wrinkle Texture,,,"Barefoot with soft gray toenails, modern and minimal under even lighting.",,,"Vertical bar earrings, short length","Sunlit garden with small fountain, evenly bright light","Wide seated pose on a flat surface, legs bent and opened toward the camera, feet flat and symmetrical to frame the lower body evenly.",
74,,,High-contrast multi-color anime hair,,,,Magenta + Silver Gray,,,Magenta + Silver Gray,,,,"Barefoot with soft gray toenails, modern and minimal under even lighting.",,,"Minimal drop earrings, single metal line",Sunlit hallway with polished floors reflecting ambient light,"Wide Stance Crouch: Crouching down low with feet planted firmly on the ground, knees opened extremely wide to the sides, torso leaning slightly forward, straight-on view.",
75,,,"Highlighted bangs, contrasting color",,,,Magenta + Silver Gray + Jet Black,,,Magenta + Silver Gray + Jet Black,,,,"Barefoot with soft mint green toenails, cleanly colored in a gentle two-dimensional style.",,,Subtle asymmetric stud earrings,"Sunlit hallway with wooden floor, evenly illuminated","Wide stance wall sit with back flat against the wall, knees bent at 90 degrees and spread apart, feet flat on the floor shoulder-width for full lower body visibility.",
76,,,Honey Blonde,,,,Metallic Gold,,,Metallic Gold,,,,"Barefoot with soft mint green toenails, cleanly colored in a gentle two-dimensional style.",,,"Tiny heart pendant necklace, understated","Sunlit kitchen with hanging pots and utensils, uniform bright light","Wide-knee seated pose on a cube prop, hips forward and thighs angled toward the camera, feet flat and aligned for symmetry.",
77,,,Honey Brown,,,,Navy Blue + Cream White,,,Navy Blue + Cream White,,,,"Barefoot with soft mint green toenails, cleanly colored in a gentle two-dimensional style.",,,Minimal oval pendant necklace,"Sunlit living room with sofa and rug, evenly illuminated","Wide-knee seated pose on a low stool, hips forward, knees open but feet aligned straight ahead, creating a bold and inviting leg frame.",
78,,,Hot Pink,,,,Navy Blue + Jet Black,,,Navy Blue + Jet Black,,,,"Barefoot with soft mint green toenails, cleanly colored in a gentle two-dimensional style.",,,"Smooth cuff bracelet, no engraving","Sunlit reading corner with armchair, uniform bright light","Wide-legged forward bend seated on the floor, legs in a deep V-shape straddle, torso upright for full frontal exposure.",
79,,,"Inner-layer highlights, lighter color beneath top layer",,,,Navy Blue + Khaki + Cream White,,,Navy Blue + Khaki + Cream White,,,,"Barefoot with soft mint green toenails, cleanly colored in a gentle two-dimensional style.",,,,"Sunlit terrace garden with flowers, even daylight across space","Sitting on the edge of a chair, knees bent and legs slightly spread, leaning back slightly with torso arched.",
80,,,Jet Black,,,,Navy Blue + Khaki + Off White,,,Navy Blue + Khaki + Off White,,,,"Barefoot with soft mocha-colored toenails, natural, calm, and visually realistic.",,,,"Sunny garden with colorful flowers and green lawn, light evenly spread","Standing with one foot on a low step, hips tilted forward, weight shifted to one side.",
81,,,Lavender,,,,Navy Blue + Metallic Gold + Pure White,,,Navy Blue + Metallic Gold + Pure White,,,,"Barefoot with soft mocha-colored toenails, natural, calm, and visually realistic.",,,,,"Kneeling on a bed, thighs apart, sitting back on heels with chest forward.",
82,,,Lemon Blonde,,,,Navy Blue + Warm Beige,,,Navy Blue + Warm Beige,,,,"Barefoot with soft mocha-colored toenails, natural, calm, and visually realistic.",,,,,"Lying on back on the floor, knees bent and raised, feet flat with legs open moderately.",
83,,,Light Blonde,,,,Pure Cyan,,,Pure Cyan,,,,"Barefoot with soft mocha-colored toenails, natural, calm, and visually realistic.",,,,,"Sitting on stairs, one leg down a step lower, thighs separated naturally.",
84,,,Light Brown,,,,Pure Grass Green,,,Pure Grass Green,,,,"Barefoot with soft mocha-colored toenails, natural, calm, and visually realistic.",,,,,"Standing against a wall, one knee slightly bent and lifted outward, hips pushed forward.",
85,,,Light brown hair with honey blonde highlights,,,,Pure White,,,Pure White,,,,"Barefoot with toenails painted in muted nude beige, blending softly with the skin tone.",,,,,"Seated on a chair backwards (straddling it), leaning forward over the backrest.",
86,,,Light Gray,,,,Pure White + Jet Black,,,Pure White + Jet Black,,,,"Barefoot with toenails painted in muted nude beige, blending softly with the skin tone.",,,,,"Crouching low with knees bent wide, back straight and facing forward.",
87,,,Light hair with cool-toned highlights,,,,Royal Blue,,,Royal Blue,,,,"Barefoot with toenails painted in muted nude beige, blending softly with the skin tone.",,,,,"Sitting on the floor with legs extended forward in a V shape, torso reclined slightly.",
88,,,Lime Green,,,,Royal Blue + Bright Lemon Yellow,,,Royal Blue + Bright Lemon Yellow,,,,"Barefoot with toenails painted in muted nude beige, blending softly with the skin tone.",,,,,"Leaning against a table edge, one leg bent and foot resting on a stool, hips angled toward camera.",
89,,,Midnight Blue,,,,Royal Blue + Cream White,,,Royal Blue + Cream White,,,,"Barefoot with toenails painted in muted nude beige, blending softly with the skin tone.",,,,,"Standing with legs shoulder-width apart, one foot propped on a small box, body arched.",
90,,,Mint Green,,,,Royal Blue + Cream White + Gold,,,Royal Blue + Cream White + Gold,,,,"Barefoot with translucent pink toenails, slightly glossy and naturally blended.",,,,,"Sitting cross-legged on a chair but with knees dropped outward, upper body twisted toward camera.",
91,,,"Multi-tone hair, layered pastel colors",,,,Royal Blue + Lemon Yellow + Charcoal Gray,,,Royal Blue + Lemon Yellow + Charcoal Gray,,,,"Barefoot with translucent pink toenails, slightly glossy and naturally blended.",,,,,"Reclining on a sofa, one leg draped over the armrest, the other bent on the seat.",
92,,,Natural Black,,,,Royal Blue + Pure White + Jet Black,,,Royal Blue + Pure White + Jet Black,,,,"Barefoot with translucent pink toenails, slightly glossy and naturally blended.",,,,,"Kneeling upright on a soft surface, knees wide apart, hips forward.",
93,,,Navy Blue,,,,Royal Blue + Pure White + Metallic Gold,,,Royal Blue + Pure White + Metallic Gold,,,,"Barefoot with translucent pink toenails, slightly glossy and naturally blended.",,,,,"Standing in a slight lunge position, front knee bent and back leg extended, torso facing camera.",
94,,,"Ombre hair, dark brown roots fading to light brown ends",,,,Royal Blue + Pure White + Silver Gray,,,Royal Blue + Pure White + Silver Gray,,,,"Barefoot with translucent pink toenails, slightly glossy and naturally blended.",,,,,"Sitting on a high stool, legs dangling apart, leaning forward slightly.",
95,,,Pastel Pink,,,,Royal Blue + Silver Gray,,,Royal Blue + Silver Gray,,,,"Barefoot, showing evenly colored blush pink toenails with simplified anime-style shading.",,,,,"Lying sideways on a bed but propped up on elbow, knees bent and stacked with thighs open.",
96,,,"Peekaboo highlights, subtle color hidden underneath",,,,Royal Purple,,,Royal Purple,,,,"Barefoot, showing evenly colored blush pink toenails with simplified anime-style shading.",,,,,"Perched on the edge of a desk, feet on separate low stools, knees apart.",
97,,,Pink hair with blue accent strands,,,,Silver Gray + Jet Black,,,Silver Gray + Jet Black,,,,"Barefoot, showing evenly colored blush pink toenails with simplified anime-style shading.",,,,,"Standing with back against a door, one foot raised and placed flat against the door behind.",
98,,,Pink hair with lighter pink highlights,,,,Sky Blue,,,Sky Blue,,,,"Barefoot, showing evenly colored blush pink toenails with simplified anime-style shading.",,,,,"Seated on the floor against a wall, knees up and fallen outward to the sides, torso upright.",
99,,,Platinum Blonde,,,,Sky Blue + Charcoal Gray + Pure White,,,Sky Blue + Charcoal Gray + Pure White,,,,"Barefoot, showing evenly colored blush pink toenails with simplified anime-style shading.",,,,,"Sitting on the edge of a chair, knees bent and legs spread apart, feet flat on the floor, torso leaning slightly back.",
100,,,Platinum Blonde,,,,Sky Blue + Lemon Yellow,,,Sky Blue + Lemon Yellow,,,,"Barefoot, showing short toenails coated in clear gloss polish with a subtle natural shine.",,,,,"Standing with one foot resting on a low stool, knees slightly bent, legs parted naturally.",
101,,,Platinum blonde hair with silver highlights,,,,Sky Blue + Lemon Yellow + Cream White,,,Sky Blue + Lemon Yellow + Cream White,,,,"Barefoot, showing short toenails coated in clear gloss polish with a subtle natural shine.",,,,,"Seated on stairs, one leg extended downward on a lower step, the other bent with foot on a higher step, thighs apart.",
102,,,Pure Black,,,,Sky Blue + Lemon Yellow + Pure White,,,Sky Blue + Lemon Yellow + Pure White,,,,"Barefoot, showing short toenails coated in clear gloss polish with a subtle natural shine.",,,,,"Reclining on a bed with knees up and legs opened comfortably, feet planted on the mattress.",
103,,,Pure White,,,,Sky Blue + Pure White,,,Sky Blue + Pure White,,,,"Barefoot, showing short toenails coated in clear gloss polish with a subtle natural shine.",,,,,"Sitting on the floor with back against a wall, knees bent and legs spread wide but feet still in frame.",
104,,,Purple,,,,Sky Blue + Pure White + Navy Blue,,,Sky Blue + Pure White + Navy Blue,,,,"Barefoot, showing short toenails coated in clear gloss polish with a subtle natural shine.",,,,,"Perched on a countertop, legs dangling and parted, heels resting on the edge of a lower cabinet.",
105,,,Purple hair with lighter accent strands,,,,Sky Blue + Silver Gray,,,Sky Blue + Silver Gray,,,,"Barefoot, showing toenails painted in muted teal with a refined satin finish.",,,,,"Standing with back lightly against a wall, one knee raised and foot flat against the wall behind, legs separated.",
106,,,Purple hair with pink highlights,,,,Slate Gray + Pure White,,,Slate Gray + Pure White,,,,"Barefoot, showing toenails painted in muted teal with a refined satin finish.",,,,,"Sitting sideways on a chair with both legs draped over one armrest, knees bent and apart.",
107,,,Red hair with orange highlights,,,,Turquoise + Bright Orange,,,Turquoise + Bright Orange,,,,"Barefoot, showing toenails painted in muted teal with a refined satin finish.",,,,,"Kneeling on a soft surface with knees wide apart, sitting back on heels, torso upright.",
108,,,Rose Brown,,,,Turquoise + Bright Orange + Pure White,,,Turquoise + Bright Orange + Pure White,,,,"Barefoot, showing toenails painted in muted teal with a refined satin finish.",,,,,"Lying on back with knees bent and raised, legs opened moderately, feet flat near hips.",
109,,,Rose Pink,,,,Turquoise + Coral Free Orange + Cream White,,,Turquoise + Coral Free Orange + Cream White,,,,"Barefoot, showing toenails painted in muted teal with a refined satin finish.",,,,,"Seated on a low ottoman, legs extended forward and spread, ankles crossed loosely but thighs apart.",
110,,,Sandy Brown,,,,Turquoise + Cream White + Gold,,,Turquoise + Cream White + Gold,,,,"Barefoot, showing toenails painted in warm taupe with a smooth professional finish.",,,,,"Standing with one foot on a step ladder rung, other foot on the ground, hips shifted for open leg position.",
111,,,Scarlet Red,,,,Turquoise + Lemon Yellow + Pure White,,,Turquoise + Lemon Yellow + Pure White,,,,"Barefoot, showing toenails painted in warm taupe with a smooth professional finish.",,,,,"Sitting on the edge of a bathtub, legs over the side and parted, feet on the floor.",
112,,,Silver,,,,Turquoise + Silver Gray,,,Turquoise + Silver Gray,,,,"Barefoot, showing toenails painted in warm taupe with a smooth professional finish.",,,,,"Reclining sideways on a chaise lounge, lower knee bent, upper leg extended and dropped open.",
113,,,Silver Gray,,,,Turquoise + Silver Gray + Jet Black,,,Turquoise + Silver Gray + Jet Black,,,,"Barefoot, showing toenails painted in warm taupe with a smooth professional finish.",,,,,"Seated in a wide armchair, legs spread with feet on the floor, thighs resting against the chair arms.",
114,,,Silver gray hair with soft lavender highlights,,,,Warm Beige,,,Warm Beige,,,,"Barefoot, showing toenails painted in warm taupe with a smooth professional finish.",,,,,"Standing with both feet on separate low platforms or boxes, knees soft and legs naturally apart.",
115,,,Silver hair with blue inner highlights,,,,,,,,,,,"Barefoot, toenails colored in champagne nude with a subtle satin sheen.",,,,,"Sitting on a desk edge, legs hanging down and opened, feet resting on chair rungs below.",
116,,,Silver hair with lavender highlights,,,,,,,,,,,"Barefoot, toenails colored in champagne nude with a subtle satin sheen.",,,,,"Kneeling upright on a bed, knees wide, hips forward, torso centered.",
117,,,Sky Blue,,,,,,,,,,,"Barefoot, toenails colored in champagne nude with a subtle satin sheen.",,,,,"Seated on a bench with one leg tucked under, the other extended outward, thighs separated.",
118,,,Smoky Gray,,,,,,,,,,,"Barefoot, toenails colored in champagne nude with a subtle satin sheen.",,,,,"Standing with legs apart and one foot propped on a small stack of books, knee slightly bent.",
119,,,Soft Black,,,,,,,,,,,"Barefoot, toenails colored in champagne nude with a subtle satin sheen.",,,,,"Sitting on the edge of a chair, knees bent and legs spread apart, feet flat on the floor, torso arched slightly forward.",
120,,,"Soft gradient hair, brown to beige blonde",,,,,,,,,,,"Barefoot, toenails colored in pale peach with a slightly translucent finish.",,,,,"Seated on stairs, one leg extended downward on a lower step, the other bent with foot on a higher step, thighs parted, back arched sensually.",
121,,,Soft Lavender,,,,,,,,,,,"Barefoot, toenails colored in pale peach with a slightly translucent finish.",,,,,"Reclining on a bed with knees up and legs opened comfortably, feet planted on the mattress, hips tilted upward invitingly.",
122,,,"Split-color hair, black on left side and white on right side",,,,,,,,,,,"Barefoot, toenails colored in pale peach with a slightly translucent finish.",,,,,"Sitting on the floor with back against a wall, knees bent and legs spread wide but feet still in frame, torso leaning slightly toward the camera.",
123,,,"Split-color hair, blue and pink",,,,,,,,,,,"Barefoot, toenails colored in pale peach with a slightly translucent finish.",,,,,"Perched on a countertop, legs dangling and parted, heels resting on the edge of a lower cabinet, back curved seductively.",
124,,,Strawberry Blonde,,,,,,,,,,,"Barefoot, toenails colored in pale peach with a slightly translucent finish.",,,,,"Sitting sideways on a chair with both legs draped over one armrest, knees bent and apart, hips shifted for a teasing angle.",
125,,,Strawberry blonde hair with golden highlights,,,,,,,,,,,"Barefoot, toenails finished in deep burgundy polish with a smooth lacquered shine.",,,,,"Kneeling on a soft surface with knees wide apart, sitting back on heels, torso upright and arched for emphasis.",
126,,,Teal hair with light green highlights,,,,,,,,,,,"Barefoot, toenails finished in deep burgundy polish with a smooth lacquered shine.",,,,,"Lying on back with knees bent and raised, legs opened moderately, feet flat near hips, pelvis lifted subtly.",
127,,,Turquoise,,,,,,,,,,,"Barefoot, toenails finished in deep burgundy polish with a smooth lacquered shine.",,,,,"Seated on a low ottoman, legs extended forward and spread, ankles crossed loosely but thighs apart, back leaning back provocatively.",
128,,,"Two-tone bangs, lighter color than main hair",,,,,,,,,,,"Barefoot, toenails finished in deep burgundy polish with a smooth lacquered shine.",,,,,"Sitting on the edge of a bathtub, legs over the side and parted, feet on the floor, torso tilted forward sensually.",
129,,,"Two-tone hair, dark roots and lighter mid-lengths",,,,,,,,,,,"Barefoot, toenails finished in deep burgundy polish with a smooth lacquered shine.",,,,,"Reclining sideways on a chaise lounge, lower knee bent, upper leg extended and dropped open, hips rotated for allure.",
130,,,Violet,,,,,,,,,,,"Barefoot, toenails finished in sheer ivory polish with refined highlights.",,,,,"Seated in a wide armchair, legs spread with feet on the floor, thighs resting against the chair arms, back arched invitingly.",
131,,,Warm Brown,,,,,,,,,,,"Barefoot, toenails finished in sheer ivory polish with refined highlights.",,,,,"Sitting on a desk edge, legs hanging down and opened, feet resting on chair rungs below, torso leaning in teasingly.",
132,,,White hair with light blue highlights,,,,,,,,,,,"Barefoot, toenails finished in sheer ivory polish with refined highlights.",,,,,"Kneeling upright on a bed, knees wide, hips forward and tilted, torso centered with a subtle curve.",
133,,,White hair with rainbow inner streaks,,,,,,,,,,,"Barefoot, toenails finished in sheer ivory polish with refined highlights.",,,,,"Seated on a bench with one leg tucked under, the other extended outward, thighs separated, back arched forward.",
134,,,Wine Red,,,,,,,,,,,"Barefoot, toenails finished in sheer ivory polish with refined highlights.",,,,,"Lying on side with lower leg bent slightly, upper leg draped open across, feet in frame, hips thrust subtly upward.",
135,,,Wine Red,,,,,,,,,,,"Barefoot, toenails painted in classic jet black with a mirror-like gloss.",,,,,"Sitting on a plush rug, knees bent and legs parted wide, feet flat, torso reclined back on elbows for sensuality.",
136,,,,,,,,,,,,,,"Barefoot, toenails painted in classic jet black with a mirror-like gloss.",,,,,"Perched on a low stool, legs spread with knees high, feet on the ground, hips angled toward the camera provocatively.",
137,,,,,,,,,,,,,,"Barefoot, toenails painted in classic jet black with a mirror-like gloss.",,,,,"Reclining against pillows on a sofa, knees drawn up and apart, feet planted, back curved in a teasing arch.",
138,,,,,,,,,,,,,,"Barefoot, toenails painted in classic jet black with a mirror-like gloss.",,,,,"Kneeling on a cushioned platform, knees wide apart, sitting low on heels, torso leaning slightly forward with hips tilted.",
139,,,,,,,,,,,,,,"Barefoot, toenails painted in classic jet black with a mirror-like gloss.",,,,,"Sitting on the edge of a chair, knees bent and legs spread apart, feet lifted slightly above the floor, torso arched forward provocatively.",
140,,,,,,,,,,,,,,"Barefoot, toenails painted in cool sapphire blue with a clean, high-contrast gloss.",,,,,"Seated on stairs, one leg extended downward but foot hovering off the lower step, the other bent with foot lifted off the higher step, thighs parted, back arched sensually.",
141,,,,,,,,,,,,,,"Barefoot, toenails painted in cool sapphire blue with a clean, high-contrast gloss.",,,,,"Reclining on a bed with knees up and legs opened comfortably, feet lifted and hovering near the mattress edge, hips tilted upward invitingly.",
142,,,,,,,,,,,,,,"Barefoot, toenails painted in cool sapphire blue with a clean, high-contrast gloss.",,,,,"Sitting on the floor with back against a wall, knees bent and legs spread wide but feet lifted in the air, torso leaning slightly toward the camera with a seductive curve.",
143,,,,,,,,,,,,,,"Barefoot, toenails painted in cool sapphire blue with a clean, high-contrast gloss.",,,,,"Perched on a countertop, legs dangling and parted, heels lifted and not touching the lower cabinet, back curved seductively.",
144,,,,,,,,,,,,,,"Barefoot, toenails painted in cool sapphire blue with a clean, high-contrast gloss.",,,,,"Sitting sideways on a chair with both legs draped over one armrest, knees bent and apart, feet raised playfully, hips shifted for a teasing angle.",
145,,,,,,,,,,,,,,"Barefoot, toenails painted in milky baby blue with a smooth, flat anime-style finish.",,,,,"Kneeling on a soft surface with knees wide apart, sitting back on heels but feet lifted behind, torso upright and arched for emphasis.",
146,,,,,,,,,,,,,,"Barefoot, toenails painted in milky baby blue with a smooth, flat anime-style finish.",,,,,"Lying on back with knees bent and raised, legs opened moderately, feet lifted away from hips, pelvis tilted subtly upward.",
147,,,,,,,,,,,,,,"Barefoot, toenails painted in milky baby blue with a smooth, flat anime-style finish.",,,,,"Seated on a low ottoman, legs extended forward and spread, ankles crossed loosely but thighs apart and feet hovering, back leaning back provocatively.",
148,,,,,,,,,,,,,,"Barefoot, toenails painted in milky baby blue with a smooth, flat anime-style finish.",,,,,"Sitting on the edge of a bathtub, legs over the side and parted, feet lifted above the floor, torso tilted forward sensually.",
149,,,,,,,,,,,,,,"Barefoot, toenails painted in milky baby blue with a smooth, flat anime-style finish.",,,,,"Reclining sideways on a chaise lounge, lower knee bent, upper leg extended and dropped open, feet raised slightly off the surface, hips rotated for allure.",
150,,,,,,,,,,,,,,"Barefoot, toenails shaded in light lilac with smooth gradients and simplified detail.",,,,,"Seated in a wide armchair, legs spread with thighs resting against the chair arms, feet lifted and dangling, back arched invitingly.",
151,,,,,,,,,,,,,,"Barefoot, toenails shaded in light lilac with smooth gradients and simplified detail.",,,,,"Sitting on a desk edge, legs hanging down and opened, feet lifted above chair rungs below, torso leaning in teasingly.",
152,,,,,,,,,,,,,,"Barefoot, toenails shaded in light lilac with smooth gradients and simplified detail.",,,,,"Kneeling upright on a bed, knees wide, hips forward and tilted, feet lifted behind the heels, torso centered with a subtle curve.",
153,,,,,,,,,,,,,,"Barefoot, toenails shaded in light lilac with smooth gradients and simplified detail.",,,,,"Seated on a bench with one leg tucked under but foot raised, the other extended outward, thighs separated, back arched forward.",
154,,,,,,,,,,,,,,"Barefoot, toenails shaded in light lilac with smooth gradients and simplified detail.",,,,,"Lying on side with lower leg bent slightly, upper leg draped open across, feet lifted and hovering in frame, hips thrust subtly upward.",
155,,,,,,,,,,,,,,Beige Leather High Heels,,,,,"Sitting on a plush rug, knees bent and legs parted wide, feet lifted in the air, torso reclined back on elbows for sensuality.",
156,,,,,,,,,,,,,,Beige Suede Ankle Strap Heels,,,,,"Perched on a low stool, legs spread with knees high, feet lifted off the ground, hips angled toward the camera provocatively.",
157,,,,,,,,,,,,,,Beige Suede Knee High Boots,,,,,"Reclining against pillows on a sofa, knees drawn up and apart, feet lifted and suspended, back curved in a teasing arch.",
158,,,,,,,,,,,,,,Beige Wedge Sandals,,,,,"Kneeling on a cushioned platform, knees wide apart, sitting low on heels but feet raised behind, torso leaning slightly forward with hips tilted.",
159,,,,,,,,,,,,,,Bit loafers,,,,,"Sitting on the edge of a chair, knees bent and legs spread apart, feet lifted high above the floor, torso arched deeply forward with hips thrust provocatively.",
160,,,,,,,,,,,,,,Black and Red Ombre Heels,,,,,"Seated on stairs, one leg extended downward but foot hovering off the lower step, the other bent with foot lifted off the higher step, thighs parted wide, back arched intensely with a sultry tilt.",
161,,,,,,,,,,,,,,Black and White Polka Dot Heels,,,,,"Reclining on a bed with knees up and legs opened comfortably, feet lifted and hovering near the mattress edge, hips tilted sharply upward in an inviting thrust.",
162,,,,,,,,,,,,,,Black Ankle Strap High Heels,,,,,"Sitting on the floor with back against a wall, knees bent and legs spread wide but feet lifted high in the air, torso leaning deeply toward the camera with a seductive, curving arch.",
163,,,,,,,,,,,,,,Black Bow-Tie High Heels,,,,,"Perched on a countertop, legs dangling and parted, heels lifted high and not touching the lower cabinet, back curved deeply with hips angled forward teasingly.",
164,,,,,,,,,,,,,,Black Chunky Heel Pumps,,,,,"Sitting sideways on a chair with both legs draped over one armrest, knees bent and apart, feet raised high playfully, hips shifted dramatically for a intensely teasing angle.",
165,,,,,,,,,,,,,,Black Croc-Embossed High Heels,,,,,"Kneeling on a soft surface with knees wide apart, sitting back on heels but feet lifted far behind, torso upright and arched deeply for maximum emphasis.",
166,,,,,,,,,,,,,,Black High Heeled Ankle Boots,,,,,"Lying on back with knees bent and raised, legs opened moderately, feet lifted far away from hips, pelvis tilted sharply upward in a sultry lift.",
167,,,,,,,,,,,,,,Black Lace High Heels,,,,,"Seated on a low ottoman, legs extended forward and spread, ankles crossed loosely but thighs apart and feet hovering high, back leaning far back with provocative intensity.",
168,,,,,,,,,,,,,,Black Lace-up Combat Boots with Heels,,,,,"Sitting on the edge of a bathtub, legs over the side and parted, feet lifted high above the floor, torso tilted deeply forward with sensual curves.",
169,,,,,,,,,,,,,,Black Lace-up High Heels,,,,,"Reclining sideways on a chaise lounge, lower knee bent, upper leg extended and dropped open, feet raised high off the surface, hips rotated sharply for heightened allure.",
170,,,,,,,,,,,,,,Black Leather Knee High Boots,,,,,"Seated in a wide armchair, legs spread with thighs resting against the chair arms, feet lifted high and dangling, back arched deeply with inviting thrusts.",
171,,,,,,,,,,,,,,Black Leather Mules,,,,,"Sitting on a desk edge, legs hanging down and opened, feet lifted high above chair rungs below, torso leaning in deeply with teasing sensuality.",
172,,,,,,,,,,,,,,Black Mary Jane High Heels,,,,,"Kneeling upright on a bed, knees wide, hips forward and tilted sharply, feet lifted far behind the heels, torso centered with a deep, sultry curve.",
173,,,,,,,,,,,,,,Black Matte Leather Pumps,,,,,"Seated on a bench with one leg tucked under but foot raised high, the other extended outward, thighs separated wide, back arched deeply forward.",
174,,,,,,,,,,,,,,Black Mesh High Heels,,,,,"Lying on side with lower leg bent slightly, upper leg draped open across, feet lifted high and hovering in frame, hips thrust sharply upward with provocative intensity.",
175,,,,,,,,,,,,,,Black Patent Leather Stiletto Heels,,,,,"Sitting on a plush rug, knees bent and legs parted wide, feet lifted high in the air, torso reclined far back on elbows with amplified sensuality.",
176,,,,,,,,,,,,,,Black Patent Thigh High Boots,,,,,"Perched on a low stool, legs spread with knees high, feet lifted far off the ground, hips angled sharply toward the camera with deep provocation.",
177,,,,,,,,,,,,,,Black Peep Toe High Heels,,,,,"Reclining against pillows on a sofa, knees drawn up and apart, feet lifted high and suspended, back curved deeply in a intensely teasing arch.",
178,,,,,,,,,,,,,,Black Platform High Heels,,,,,"Kneeling on a cushioned platform, knees wide apart, sitting low on heels but feet raised far behind, torso leaning deeply forward with hips tilted sharply.",
179,,,,,,,,,,,,,,Black Pointed Toe Stilettos,,,,,"Sitting on the edge of a velvet chair, knees bent high and legs spread apart, feet lifted teasingly in mid-air, torso arched forward with hips thrust provocatively.",
180,,,,,,,,,,,,,,Black Satin High Heels,,,,,"Seated on a spiral staircase, one leg curled upward with foot hovering, the other bent outward, thighs parted wide, back curved deeply for an inviting arch.",
181,,,,,,,,,,,,,,Black Slingback High Heels,,,,,"Reclining on a silk-sheeted bed, knees drawn up and legs opened sensually, feet lifted and flexed near the thighs, pelvis elevated with a sultry tilt.",
182,,,,,,,,,,,,,,Black Strappy High Heeled Sandals,,,,,"Sitting against a mirrored wall on the floor, knees bent sharply and legs spread, feet raised playfully above the ground, torso leaning in with a heated gaze.",
183,,,,,,,,,,,,,,Black Studded High Heels,,,,,"Perched on a marble countertop, legs extended and parted erotically, heels lifted high without touching below, back arched intensely for maximum allure.",
184,,,,,,,,,,,,,,Black Suede High Heels,,,,,"Sitting sideways on a leather armchair, legs draped over the armrest and spread, knees high with feet suspended, hips rotated forward in a seductive twist.",
185,,,,,,,,,,,,,,Black Suede Thigh High Boots,,,,,"Kneeling on a fur rug, knees wide apart, sitting back but feet lifted behind in a tantalizing hover, torso upright with an exaggerated sensual curve.",
186,,,,,,,,,,,,,,Black T-Strap High Heels,,,,,"Lying on back atop pillows, knees bent upward and legs opened boldly, feet raised away from the body, pelvis thrust upward in a captivating lift.",
187,,,,,,,,,,,,,,Black Thigh High Boots,,,,,"Seated on a cushioned ottoman, legs stretched forward and spread invitingly, feet hovering with toes pointed, back reclined with a provocative lean.",
188,,,,,,,,,,,,,,Black Velvet Stiletto Heels,,,,,"Sitting on the rim of a clawfoot bathtub, legs parted over the side, feet lifted elegantly in the air, torso tilted forward with hips angled teasingly.",
189,,,,,,,,,,,,,,Block Heel Sandals,,,,,"Reclining sideways on a velvet chaise, lower knee drawn in, upper leg flung open, feet raised off the fabric, hips pivoted for an intense, alluring exposure.",
190,,,,,,,,,,,,,,Blush Pink High Heels,,,,,"Seated deep in a plush wingback chair, legs spread wide against the arms, feet dangling and lifted playfully, back arched sharply with a sultry forward lean.",
191,,,,,,,,,,,,,,Bronze Metallic High Heels,,,,,"Sitting on a wooden desk edge, legs hanging parted and elevated, feet raised above any support, torso leaning in with a heated, inviting arch.",
192,,,,,,,,,,,,,,Brown Leather Knee High Boots,,,,,"Kneeling upright on a canopy bed, knees splayed wide, hips thrust forward boldly, feet lifted behind the calves, torso centered in a deep, sensual bend.",
193,,,,,,,,,,,,,,Brown Leather Pumps,,,,,"Seated on a park bench replica indoors, one leg tucked high with foot raised, the other extended apart, thighs separated, back curved forward intensely.",
194,,,,,,,,,,,,,,Brown Suede Ankle Boots,,,,,"Lying on side against satin cushions, lower leg bent, upper leg draped open dramatically, feet lifted and arched in frame, hips pushed upward with fervor.",
195,,,,,,,,,,,,,,Brown Suede High Heels,,,,,"Sitting on a thick shag carpet, knees pulled up and legs parted erotically, feet suspended high, torso reclined on elbows with a profound arch.",
196,,,,,,,,,,,,,,Burgundy Patent Leather Heels,,,,,"Perched on a bar-height stool, legs spread with knees elevated, feet lifted off entirely, hips angled sharply toward the camera in a bold thrust.",
197,,,,,,,,,,,,,,Burgundy Suede High Heels,,,,,"Reclining against a headboard with pillows, knees hiked up and apart sensually, feet hovering flexed, back bowed in an exaggerated teasing curve.",
198,,,,,,,,,,,,,,Burgundy Velvet Pumps,,,,,"Kneeling on a raised platform bed, knees wide and low, feet raised behind in a flirtatious lift, torso leaning forward with hips tilted maximally for seduction.",
199,,,,,,,,,,,,,,Camel Suede High Heels,,,,,"In a deep squat position on a soft mat, knees bent low and spread wide, feet flat but heels slightly lifted, hips lowered teasingly close to the ground, torso arched forward intensely.",
200,,,,,,,,,,,,,,Camouflage High Heeled Boots,,,,,"Low squatting over a cushioned ottoman, knees splayed outward and high, feet hovering slightly above the surface, hips thrust forward with a sultry pelvic tilt.",
201,,,,,,,,,,,,,,Canvas lace-up shoes,,,,,"Reclining into a deep frog pose on a bed, knees bent and opened extremely wide, feet lifted and flexed near thighs, back arched dramatically upward.",
202,,,,,,,,,,,,,,Chain Detail High Heels,,,,,"In a low sumo squat variation on the floor, legs parted boldly, knees high with feet raised on toes, hips dropped low and angled provocatively toward the camera.",
203,,,,,,,,,,,,,,Champagne Glitter High Heels,,,,,"Kneeling low in a deep straddle squat on pillows, knees wide and bent, feet lifted behind in a hover, torso curved forward with an exaggerated sensual lean.",
204,,,,,,,,,,,,,,Champagne Satin High Heels,,,,,"Performing a deep goddess squat against a wall, knees tracked outward and spread, feet flat but inner edges lifted slightly, hips sunk low with a heated thrust.",
205,,,,,,,,,,,,,,Charcoal Grey Heels,,,,,"In a reclined deep squat on a chaise lounge, knees pulled high and apart, feet suspended in mid-air, pelvis elevated and tilted for maximum allure.",
206,,,,,,,,,,,,,,Checkered Pattern Heels,,,,,"Low hovering squat over a low stool, knees bent deeply and opened, feet lifted entirely off the ground, back arched sharply with hips pushed forward seductively.",
207,,,,,,,,,,,,,,Chelsea boots (flat),,,,,"In a butterfly squat variation on a rug, knees flared out wide and low, feet soles together but lifted slightly, torso leaning in with a profound curve.",
208,,,,,,,,,,,,,,Cherry Red High Heels,,,,,"Deep squatting on the edge of a bed, knees spread and bent low, feet hovering near the mattress edge, hips lowered teasingly with an intense forward arch.",
209,,,,,,,,,,,,,,Chocolate Brown Velvet Heels,,,,,"In a low pistol squat-inspired pose but both knees bent and parted on the floor, one foot lifted high, hips dropped dramatically, torso twisted for seductive emphasis.",
210,,,,,,,,,,,,,,Chunky loafers (low sole),,,,,"Reclining deep squat against pillows, knees high and splayed, feet raised and pointed, pelvis thrust upward in a captivating, sultry lift.",
211,,,,,,,,,,,,,,Chunky sneakers,,,,,"Performing a deep curtsy squat variation seated low, one knee forward and bent, the other opened wide with foot lifted, hips angled provocatively.",
212,,,,,,,,,,,,,,Classic ballet flats,,,,,"In a frog-like deep squat on a yoga block, knees wide and low, feet flexed and hovering, torso upright but arched intensely for teasing exposure.",
213,,,,,,,,,,,,,,Classic moccasins,,,,,"Low squatting sideways over an armchair arm, knees bent and spread, feet suspended playfully, hips rotated forward in a bold, erotic twist.",
214,,,,,,,,,,,,,,Clear Cinderella Heels,,,,,"In a deep wall squat but reclined low, knees tracked out and apart, feet lifted off the floor slightly, back curved deeply with hips sunk invitingly.",
215,,,,,,,,,,,,,,Clear PVC Sandals with Rhinestones,,,,,"Hovering in a deep squat on a plush surface, knees elevated and opened erotically, feet raised in the air, torso reclined back with a heated arch.",
216,,,,,,,,,,,,,,Color Block High Heels,,,,,"In a low malasana squat pose on stairs, knees wide and bent deeply, feet on different steps but lifted dynamically, hips thrust low and forward sensually.",
217,,,,,,,,,,,,,,Combat boots,,,,,"Deep squatting over a velvet cushion, knees flared outward maximally, feet hovering with toes pointed, back bowed in an exaggerated provocative lean.",
218,,,,,,,,,,,,,,Cone Heel Pumps,,,,,"In a reclined deep squat variation on a sofa, knees drawn up high and apart, feet lifted and flexed, hips tilted maximally upward for intense seduction.",
219,,,,,,,,,,,,,,Coral High Heels,,,,,,
220,,,,,,,,,,,,,,Cork Wedge Sandals,,,,,,
221,,,,,,,,,,,,,,Cream White High Heels,,,,,,
222,,,,,,,,,,,,,,Crocodile Skin High Heels,,,,,,
223,,,,,,,,,,,,,,Cross Strap High Heels,,,,,,
224,,,,,,,,,,,,,,Crystal Encrusted Cinderella Shoes,,,,,,
225,,,,,,,,,,,,,,Cut-out High Heels,,,,,,
226,,,,,,,,,,,,,,Cyberpunk Style High Heels,,,,,,
227,,,,,,,,,,,,,,D'Orsay High Heels,,,,,,
228,,,,,,,,,,,,,,Dark Green Suede High Heels,,,,,,
229,,,,,,,,,,,,,,Deep Purple Satin Heels,,,,,,
230,,,,,,,,,,,,,,Denim Fabric High Heels,,,,,,
231,,,,,,,,,,,,,,Derby shoes (flat),,,,,,
232,,,,,,,,,,,,,,Driving moccasins,,,,,,
233,,,,,,,,,,,,,,Dusty Rose Velvet Heels,,,,,,
234,,,,,,,,,,,,,,Electric Blue High Heels,,,,,,
235,,,,,,,,,,,,,,Emerald Green Satin Heels,,,,,,
236,,,,,,,,,,,,,,Emerald Green Velvet Pumps,,,,,,
237,,,,,,,,,,,,,,Espadrille Wedge Heels,,,,,,
238,,,,,,,,,,,,,,Fetish Style High Heels,,,,,,
239,,,,,,,,,,,,,,Flat espadrilles,,,,,,
240,,,,,,,,,,,,,,Flat knee-high boots,,,,,,
241,,,,,,,,,,,,,,Flat slouch boots,,,,,,
242,,,,,,,,,,,,,,Flat strap sandals,,,,,,
243,,,,,,,,,,,,,,Flip-flops,,,,,,
244,,,,,,,,,,,,,,Floral Print High Heels,,,,,,
245,,,,,,,,,,,,,,Fuchsia High Heels,,,,,,
246,,,,,,,,,,,,,,Fur Trimmed High Heels,,,,,,
247,,,,,,,,,,,,,,Gladiator High Heels,,,,,,
248,,,,,,,,,,,,,,Gladiator sandals (flat),,,,,,
249,,,,,,,,,,,,,,Gold Ankle Strap Heels,,,,,,
250,,,,,,,,,,,,,,Gold Chrome High Heels,,,,,,
251,,,,,,,,,,,,,,Gold Glitter High Heels,,,,,,
252,,,,,,,,,,,,,,Gold Metallic Stiletto Heels,,,,,,
253,,,,,,,,,,,,,,Gold Strappy Sandals,,,,,,
254,,,,,,,,,,,,,,Golden Embroidered Heels,,,,,,
255,,,,,,,,,,,,,,Gothic Lace-up Boots,,,,,,
256,,,,,,,,,,,,,,Grey Patent Leather Pumps,,,,,,
257,,,,,,,,,,,,,,Grey Suede High Heels,,,,,,
258,,,,,,,,,,,,,,Grey Suede Over-the-Knee Boots,,,,,,
259,,,,,,,,,,,,,,High-top sneakers,,,,,,
260,,,,,,,,,,,,,,Holographic High Heels,,,,,,
261,,,,,,,,,,,,,,Hot Pink Stiletto Heels,,,,,,
262,,,,,,,,,,,,,,Houndstooth High Heels,,,,,,
263,,,,,,,,,,,,,,Indoor slippers,,,,,,
264,,,,,,,,,,,,,,Iridescent High Heels,,,,,,
265,,,,,,,,,,,,,,Jewel Toned High Heels,,,,,,
266,,,,,,,,,,,,,,Kitten Heel Pumps,,,,,,
267,,,,,,,,,,,,,,Knee High Gladiator Heels,,,,,,
268,,,,,,,,,,,,,,Lace-up ankle boots (flat),,,,,,
269,,,,,,,,,,,,,,Lace-up dress flats,,,,,,
270,,,,,,,,,,,,,,Lace-up espadrilles (flat),,,,,,
271,,,,,,,,,,,,,,Lace-up military boots,,,,,,
272,,,,,,,,,,,,,,Latex Thigh High Boots,,,,,,
273,,,,,,,,,,,,,,Lavender Suede High Heels,,,,,,
274,,,,,,,,,,,,,,Leopard Print Pumps,,,,,,
275,,,,,,,,,,,,,,Leopard Print Stiletto Heels,,,,,,
276,,,,,,,,,,,,,,Light Blue Denim Sandals,,,,,,
277,,,,,,,,,,,,,,Lilac Patent Leather Heels,,,,,,
278,,,,,,,,,,,,,,Low-top sneakers,,,,,,
279,,,,,,,,,,,,,,Lucite Heel Sandals,,,,,,
280,,,,,,,,,,,,,,Mary Jane flats,,,,,,
281,,,,,,,,,,,,,,Matte Black Platform Boots,,,,,,
282,,,,,,,,,,,,,,Minimal thong sandals,,,,,,
283,,,,,,,,,,,,,,Mint Green Patent Heels,,,,,,
284,,,,,,,,,,,,,,Mule High Heels,,,,,,
285,,,,,,,,,,,,,,Mustard Yellow Suede Heels,,,,,,
286,,,,,,,,,,,,,,Navy Blue Patent Leather Heels,,,,,,
287,,,,,,,,,,,,,,Navy Blue Suede Pumps,,,,,,
288,,,,,,,,,,,,,,Navy Blue Velvet High Heels,,,,,,
289,,,,,,,,,,,,,,Neon Green High Heels,,,,,,
290,,,,,,,,,,,,,,Neon Pink High Heels,,,,,,
291,,,,,,,,,,,,,,Nude and Black Cap Toe Heels,,,,,,
292,,,,,,,,,,,,,,Nude Matte Leather Pumps,,,,,,
293,,,,,,,,,,,,,,Nude Patent Leather Stiletto Heels,,,,,,
294,,,,,,,,,,,,,,Nude Peep Toe Pumps,,,,,,
295,,,,,,,,,,,,,,Nude Strappy Sandals,,,,,,
296,,,,,,,,,,,,,,Nude Suede High Heels,,,,,,
297,,,,,,,,,,,,,,Olive Green Suede Heels,,,,,,
298,,,,,,,,,,,,,,Orange Patent Leather Heels,,,,,,
299,,,,,,,,,,,,,,Oxford shoes (flat),,,,,,
300,,,,,,,,,,,,,,Pastel Blue Suede Heels,,,,,,
301,,,,,,,,,,,,,,Pastel Green High Heels,,,,,,
302,,,,,,,,,,,,,,Pastel Pink Mary Janes,,,,,,
303,,,,,,,,,,,,,,Pastel Yellow High Heels,,,,,,
304,,,,,,,,,,,,,,Penny loafers,,,,,,
305,,,,,,,,,,,,,,Pewter Metallic High Heels,,,,,,
306,,,,,,,,,,,,,,Pink Patent Leather Heels,,,,,,
307,,,,,,,,,,,,,,Pink Satin High Heels,,,,,,
308,,,,,,,,,,,,,,Pink Suede High Heels,,,,,,
309,,,,,,,,,,,,,,Plaid Pattern High Heels,,,,,,
310,,,,,,,,,,,,,,Platform sneakers,,,,,,
311,,,,,,,,,,,,,,Pointed ballet flats,,,,,,
312,,,,,,,,,,,,,,Pom Pom High Heels,,,,,,
313,,,,,,,,,,,,,,Purple Velvet High Heels,,,,,,
314,,,,,,,,,,,,,,Python Print Sandals,,,,,,
315,,,,,,,,,,,,,,Rainbow Colored High Heels,,,,,,
316,,,,,,,,,,,,,,Red and White Polka Dot Heels,,,,,,
317,,,,,,,,,,,,,,Red Ankle Strap Stilettos,,,,,,
318,,,,,,,,,,,,,,Red Bow-Tie High Heels,,,,,,
319,,,,,,,,,,,,,,Red Leather Thigh High Boots,,,,,,
320,,,,,,,,,,,,,,Red Mary Jane High Heels,,,,,,
321,,,,,,,,,,,,,,Red Matte Leather Pumps,,,,,,
322,,,,,,,,,,,,,,Red Patent Ankle Boots,,,,,,
323,,,,,,,,,,,,,,Red Patent Leather Stiletto Heels,,,,,,
324,,,,,,,,,,,,,,Red Platform High Heels,,,,,,
325,,,,,,,,,,,,,,Red Satin High Heels,,,,,,
326,,,,,,,,,,,,,,Red Strappy High Heeled Sandals,,,,,,
327,,,,,,,,,,,,,,Red Suede High Heels,,,,,,
328,,,,,,,,,,,,,,Red Velvet High Heels,,,,,,
329,,,,,,,,,,,,,,Retro Polka Dot Pumps,,,,,,
330,,,,,,,,,,,,,,Riding boots,,,,,,
331,,,,,,,,,,,,,,Rose Gold Glitter Pumps,,,,,,
332,,,,,,,,,,,,,,Rose Gold Metallic Heels,,,,,,
333,,,,,,,,,,,,,,Rose Gold Strappy Sandals,,,,,,
334,,,,,,,,,,,,,,Royal Blue Satin Heels,,,,,,
335,,,,,,,,,,,,,,Royal Blue Stiletto Heels,,,,,,
336,,,,,,,,,,,,,,Satin Mules with Feathers,,,,,,
337,,,,,,,,,,,,,,Scarpin High Heels,,,,,,
338,,,,,,,,,,,,,,Sculptural Heel Pumps,,,,,,
339,,,,,,,,,,,,,,Side-zip ankle boots,,,,,,
340,,,,,,,,,,,,,,Silver Ankle Strap Heels,,,,,,
341,,,,,,,,,,,,,,Silver Chrome High Heels,,,,,,
342,,,,,,,,,,,,,,Silver Glitter High Heels,,,,,,
343,,,,,,,,,,,,,,Silver Metallic Stiletto Heels,,,,,,
344,,,,,,,,,,,,,,Silver Rhinestone High Heels,,,,,,
345,,,,,,,,,,,,,,Silver Sequin Pumps,,,,,,
346,,,,,,,,,,,,,,Silver Strappy Sandals,,,,,,
347,,,,,,,,,,,,,,Single-band slides,,,,,,
348,,,,,,,,,,,,,,Slide sandals,,,,,,
349,,,,,,,,,,,,,,Slip-on canvas shoes,,,,,,
350,,,,,,,,,,,,,,Slip-on sneakers,,,,,,
351,,,,,,,,,,,,,,Snakeskin Pattern High Heels,,,,,,
352,,,,,,,,,,,,,,Sock Boots with Heels,,,,,,
353,,,,,,,,,,,,,,Soft leather loafers,,,,,,
354,,,,,,,,,,,,,,Soft plush slippers,,,,,,
355,,,,,,,,,,,,,,Soft suede moccasins,,,,,,
356,,,,,,,,,,,,,,Spiral Strap High Heels,,,,,,
357,,,,,,,,,,,,,,Spool Heel Pumps,,,,,,
358,,,,,,,,,,,,,,Square-toe ballet flats,,,,,,
359,,,,,,,,,,,,,,Steampunk Style Heels,,,,,,
360,,,,,,,,,,,,,,Straw Woven High Heels,,,,,,
361,,,,,,,,,,,,,,Striped High Heels,,,,,,
362,,,,,,,,,,,,,,Tan Leather High Heels,,,,,,
363,,,,,,,,,,,,,,Tan Suede Slouch Boots,,,,,,
364,,,,,,,,,,,,,,Tartan Red High Heels,,,,,,
365,,,,,,,,,,,,,,Tassel Embellished Heels,,,,,,
366,,,,,,,,,,,,,,Toe-ring sandals,,,,,,
367,,,,,,,,,,,,,,Traditional Patterned Heels,,,,,,
368,,,,,,,,,,,,,,Transparent PVC High Heels,,,,,,
369,,,,,,,,,,,,,,Two-Tone High Heels,,,,,,
370,,,,,,,,,,,,,,Velvet Thigh High Boots,,,,,,
371,,,,,,,,,,,,,,Victorian Style Boots,,,,,,
372,,,,,,,,,,,,,,Vintage Mary Jane Heels,,,,,,
373,,,,,,,,,,,,,,White Ankle Strap Sandals,,,,,,
374,,,,,,,,,,,,,,White Chunky Heel Sandals,,,,,,
375,,,,,,,,,,,,,,White Floral Applique Heels,,,,,,
376,,,,,,,,,,,,,,White Lace High Heels,,,,,,
377,,,,,,,,,,,,,,White Leather Ankle Boots,,,,,,
378,,,,,,,,,,,,,,White Mary Jane High Heels,,,,,,
379,,,,,,,,,,,,,,White Matte Leather Pumps,,,,,,
380,,,,,,,,,,,,,,White Patent Go-Go Boots,,,,,,
381,,,,,,,,,,,,,,White Patent Leather Stiletto Heels,,,,,,
382,,,,,,,,,,,,,,White Pearl Embellished Heels,,,,,,
383,,,,,,,,,,,,,,White Platform Mary Janes,,,,,,
384,,,,,,,,,,,,,,White Pointed Toe Pumps,,,,,,
385,,,,,,,,,,,,,,White Satin Wedding Heels,,,,,,
386,,,,,,,,,,,,,,White Strappy High Heels,,,,,,
387,,,,,,,,,,,,,,Wide-strap slides,,,,,,
388,,,,,,,,,,,,,,Wine Red Stiletto Heels,,,,,,
389,,,,,,,,,,,,,,Wooden Heel Sandals,,,,,,
390,,,,,,,,,,,,,,Yellow Patent Leather Heels,,,,,,
391,,,,,,,,,,,,,,Zebra Print High Heels,,,,,,
392,,,,,,,,,,,,,,Zipper Detail High Heels,,,,,,