索引,上衣顏色,上衣花紋,上衣類型,下裝顏色,下裝花紋,下裝種類,高跟鞋顏色,高跟鞋種類,雙手動作,表情,飾品配件,場景,動作,指甲顏色
1,Pure White,Solid Color,Strapless Satin Top,Pure White,Solid Color,Bodycon ,Pure White,Smooth Leather Stiletto Heels,"Both hands clasped behind back, elbows slightly bent","Calm and composed expression, lips gently pressed together.","Gold Bangle Bracelet, thin, shiny surface, worn loosely on left wrist","Bright art gallery with sculptures, sunlight evenly spread","Balancing on a wooden swing, leaning back against the ropes, legs extended straight forward and slightly upward as if swinging towards the camera, skirt fluttering naturally around the thighs.","Charcoal black polish, deep tone with mirror-like gloss"
2,Jet Black,Subtle Gradient,Strapless Knit Top,Jet Black,Subtle Gradient,Stretch Fabric ,Jet Black,Patent Leather Stiletto Heels,"Both hands extended sideways, palms facing down, fingers straight","Gentle closed-lip smile, eyebrows relaxed.","Silver Cuff Bracelet, engraved pattern, polished finish, worn on right wrist","Bright art studio with easels and paintings, sunlight uniformly spread","Bouncing gently on a large yoga ball, legs spread wide for balance but knees angled sharply inward to touch each other, feet pointing outward, creating a cute ""A-shape"" stance.","Classic crimson red, evenly coated with a smooth glossy surface"
3,Bright Primary Red,Two-Tone Color Block,Strapless Ribbed Top,Bright Primary Red,Two-Tone Color Block,High-Waist ,Bright Red,Suede Stiletto Heels,"Left arm crossed under chest, right hand supporting chin, fingers relaxed","Mildly curious expression, eyes slightly widened, lips relaxed.","Delicate Chain Bracelet, rose gold, small charms dangling, worn on left wrist","Bright balcony with small table and chairs, sunlight evenly spread","Chair-edge sit with thighs angled downward and feet flat, hips forward creating intentional tension.","Cool gray polish, minimalist tone with low-reflection sheen"
4,Royal Blue,Vertical Color Block,Bandeau-Style Fabric Top,Royal Blue,Vertical Color Block,Ultra-High-Waist ,Crimson Red,Satin Stiletto Heels,"Left hand extended forward with palm up, right hand extended forward with palm down","Neutral expression with relaxed features, approachable and serene.","Stacked Rings, multiple thin bands, mixed metals, worn on fingers of right hand","Bright bedroom with open curtains, sunlight evenly filling space","Cross-legged lean-forward, torso slightly bending over, hips and legs filling frame, heels lightly touching floor, toes flexed outward.","Creamy ivory color, soft warmth with polished surface"
5,Bright Lemon Yellow,Horizontal Color Block,Tube Top with Structured Fabric,Bright Lemon Yellow,Horizontal Color Block,Slim-Fit ,Wine Red,Matte Leather Classic Pumps,"Left hand extended forward, fingers slightly spread, right hand extended forward, fingers slightly curved","Slightly raised eyebrows with a calm, serene expression.","Gemstone Ring, emerald stone in silver setting, worn on left ring finger","Bright bedroom with wardrobe and desk, sunlight evenly spread","Crouching low on a longboard, knees bent deep and close together, balancing on the balls of the feet, skirt draping over the heels, compact and centered.","Deep navy blue polish, rich tone with controlled gloss"
6,Pure Grass Green,Diagonal Color Block,Soft-Fit Tube Top,Pure Grass Green,Diagonal Color Block,Straight-Cut ,Blush Pink,Patent Leather Classic Pumps,"Left hand forming gentle cupping shape in front, right hand forming gentle cupping shape in front","Soft content expression, corners of mouth gently lifted.","Leather Strap Watch, brown leather band, small gold dial, worn on left wrist","Bright classroom with large windows, evenly lit desks","Crouching low on the balls of feet, one knee dropped lower near the ground, the other knee higher up near the chest, compact and ready.","Deep wine red polish with a high-gloss, glass-like finish"
7,Deep Forest Green,Thin Vertical Stripes,Cropped Tube Top,Deep Forest Green,Thin Vertical Stripes,Pencil-Style ,Dusty Rose,Suede Classic Pumps,"Left hand forming loose fist, right hand palm up as if offering","Soft grin showing minimal teeth, lips relaxed.","Pearl Necklace, classic white pearls, medium length, worn around neck","Bright corridor with glass panels, sunlight filling the space","Deep controlled squat with knees wide and heels together, hips hovering low, posture steady and teasingly restrained.","Dusty mauve color, finely applied with subtle luster"
8,Bright Turquoise,Thin Horizontal Stripes,Sleeveless Satin Top,Bright Turquoise,Thin Horizontal Stripes,A-Line  (Narrow Hem),Peach,Velvet Classic Pumps,"Left hand gently touching collar, right hand holding sleeve","Soft neutral smile, eyes open, relaxed jaw.","Gold Pendant Necklace, thin chain with small diamond pendant, worn at collarbone","Bright corridor with plants, uniform natural light","Deep crouch on a stair step with knees bent wide, heels flat, hips dropped low, maintaining controlled balance and tension.","Forest green polish, deep earthy tone with even application"
9,Pure Cyan,Pinstripes,Sleeveless Silk-Blend Top,Pure Cyan,Pinstripes,Micro ,Hot Pink,Patent Pointed-Toe Heels,"Left hand holding bag strap over shoulder, right hand adjusting hem",Subtle smirk with corners of mouth slightly upturned.,"Velvet Choker, deep red, small silver charm in front, worn tightly around neck","Bright hallway with stairs, sunlight evenly illuminating floor","Deep pli?-style squat with knees turned outward and heels together, hips lowered slowly, posture steady and controlled.","Lavender gray polish, cool pastel tone with satin finish"
10,Sky Blue,Micro Stripes,Sleeveless Ribbed Knit Top,Sky Blue,Micro Stripes,Fitted Knit ,Lavender,Matte Leather Pointed-Toe Heels,"Left hand holding hair behind head, right hand on hip","Warm friendly smile, eyes bright and attentive.","Silk Scarf, light blue, loosely wrapped, ends draped over shoulders","Bright nursery with soft pastel walls, uniform daylight","Dynamic crouching pose with one knee touching the ground and the other knee raised high near the chest, creating a triangular composition with the body.","Midnight blue color, dark saturation with subtle shine"
11,Royal Purple,Polka Dots,Sleeveless Jersey Top,Royal Purple,Polka Dots,Ribbed Knit ,Lilac,Suede Pointed-Toe Heels,"Left hand holding imaginary object at shoulder height, right hand below at waist",,"Stud Earrings, small round diamond, worn on both earlobes","Bright nursery with toys and pastel walls, uniform light","Half-sitting lunge with one thigh angled to camera, other leg bent to side, weight evenly distributed, hips squared.","Muted olive green, matte-leaning finish with smooth texture"
12,Indigo Purple,Micro Polka Dots,Sleeveless Stretch Fabric Top,Indigo Purple,Micro Polka Dots,Smooth Leather ,Sky Blue,Textured Fabric Pointed-Toe Heels,"Left hand holding skirt side, right hand resting at side",,"Hoop Earrings, medium size gold hoops, worn on both ears","Bright studio with easel and art supplies, sunlight filling room","Half-split with both legs stretched diagonally, torso leaning slightly forward, heels lightly pressed down, maintaining poise and balance.","Muted rose pink polish, soft tone with a satin sheen"
13,Hot Magenta,Minimal Geometric Pattern,Slim-Fit Sleeveless Top,Hot Magenta,Minimal Geometric Pattern,Patent Leather ,Turquoise,Matte Leather Square-Toe Heels,"Left hand in front of chest, right hand on opposite elbow",,"Drop Earrings, silver chain with teardrop gem, dangling below earlobe","Bright study room with desk near window, light filling the room","Jumping pose frozen in mid-air, with knees tucked up high towards the chest, compacting the body into a floating bundle.","Nude beige polish, natural tone with a refined glossy finish"
14,Lavender Purple,Repeating Triangle Pattern,Halter-Neck Fabric Top,Lavender Purple,Repeating Triangle Pattern,Faux Leather ,Teal,Patent Square-Toe Heels,"Left hand lightly resting on table edge, right hand forming loose fist nearby",,"Ear Cuff, gold, wraps around upper ear cartilage, no piercing required",Bright sunlit bedroom with large windows and soft curtains,"Kneeling lunge with one leg bent forward and the other resting backward, torso upright, balance fully centered on feet.","Pale sky blue polish, light tone with clean, uniform finish"
15,Chocolate Brown,Repeating Diamond Pattern,Halter-Neck Satin Top,Chocolate Brown,Repeating Diamond Pattern,Suede ,Navy Blue,Suede Square-Toe Heels,"Left hand on chest, palm flat, fingers together, right hand on chest parallel, fingers together",,"Statement Earrings, colorful geometric shapes, worn on both ears","Bright terrace with city view, soft daylight evenly filling space","Kneeling on a low platform with knees separated and hips slightly lifted, toes tucked to extend the leg line downward.","Pure snow white polish, opaque coverage with clean finish"
16,Warm Beige,Abstract Line Pattern,Halter-Neck Ribbed Top,Warm Beige,Abstract Line Pattern,Satin ,Emerald Green,Patent Open / Peep-Toe Heels,"Left hand on left waist, right hand on right waist, elbows slightly outward",,"Hair Ribbon, satin, pale pink, tied in bow on right side","Bright terrace with lounge furniture, even daylight across area","Kneeling on floor with knees slightly apart, toes tucked under, back straight, upper body facing camera, legs elongated.","Rich chocolate brown polish, warm undertone with gentle gloss"
17,Cream White,Abstract Wave Pattern,One-Shoulder Stretch Top,Cream White,Abstract Wave Pattern,Silk-Blend ,Forest Green,Satin Open / Peep-Toe Heels,"Left hand on right shoulder, right hand on left shoulder, fingers relaxed",,"Hair Clip, gold metallic, floral design, clipped near temple","Contemporary bathroom with vanity mirror, sunlight uniformly bright","Kneeling on low platform with knees apart, toes tucked, torso upright, creating long leg impression.","Smoky plum color, dark muted purple with elegant sheen"
18,Cool Light Gray,Soft Marble Texture,One-Shoulder Satin Top,Cool Light Gray,Soft Marble Texture,Matte Fabric ,Lemon Yellow,Smooth Leather Slingback Heels,"Left hand palm inward at hip, right hand palm inward at opposite hip",,"Headband, velvet, dark blue, sits across top of head","Contemporary bedroom with canopy bed, sunlight evenly filling room","Kneeling on one knee with the other foot planted firmly forward, the raised thigh horizontal to the ground, creating a perfect right angle structure.","Soft caramel beige color, smooth coating with refined shine"
19,Charcoal Gray,Light Tie-Dye,One-Shoulder Ribbed Knit Top,Charcoal Gray,Light Tie-Dye,Glossy Coated ,Gold Metallic,Patent Slingback Heels,"Left hand pointing downward, right hand pointing forward",,"Hair Pin, pearl-tipped, inserted on left side","Contemporary kitchen with large island, sunlight evenly spread","Kneeling pose with hips resting just above heels, knees apart, toes tucked to emphasize long thigh lines.","Soft pastel pink polish, clean edges and gentle shine"
20,Metallic Gold,Ombre Fade,Thin-Strap Fabric Top,Metallic Gold,Ombre Fade,Metallic Finish ,Silver Metallic,Suede Slingback Heels,"Left hand pointing forward, right hand forming loose fist at side",,"Hair Flower, white camellia, clipped above ear","Contemporary kitchen with open shelves, bright natural light","Kneeling pose with knees apart and hips resting back slightly, toes tucked, spine upright to elongate legs toward camera.","Warm taupe color, balanced neutral shade with smooth coating"
21,Pure White + Jet Black,Minimal Floral Print,Thin-Strap Satin Top,Pure White + Jet Black,Minimal Floral Print,Denim  (Slim Cut),Bronze Metallic,Leather Ankle-Strap Heels,"Left hand reaching diagonally across body, right hand supporting wrist",,"Shoulder Bag, leather, dark brown, small flap with buckle, worn on left shoulder","Contemporary kitchen with wooden cabinets, bright ambient daylight","Kneeling pose with legs tucked under and slightly apart, buttocks lightly hovering above heels, torso elongated, balance centered.",
22,Bright Primary Red + Pure White,Line-Art Floral Pattern,Thin-Strap Stretch Top,Bright Primary Red + Pure White,Line-Art Floral Pattern,Stretch Denim ,Chocolate Brown,Patent Ankle-Strap Heels,"Left hand reaching upward, right hand slightly bent, fingers relaxed",,"Crossbody Bag, canvas, beige, adjustable strap, worn across body","Contemporary library with long tables, sunlight evenly illuminating space","Kneeling tall on both knees with thighs vertical and parallel, shins flat on the floor, upper body leaning slightly back to maintain balance.",
23,Royal Blue + Bright Lemon Yellow,Graphic Floral Print,Thin-Strap Ribbed Top,Royal Blue + Bright Lemon Yellow,Graphic Floral Print,Low-Rise ,Tan,Suede Ankle-Strap Heels,"Left hand resting on neck, right hand on shoulder",,"Clutch Bag, satin, gold, hand-held, no strap","Contemporary office with computer desk, bright ambient daylight","Kneeling tall on both knees, thighs perpendicular to the ground, knees spaced shoulder-width apart for a strong, rectangular base.",
24,Grass Green + Warm Beige,Scattered Petal Print,Camisole-Style Fabric Top,Grass Green + Warm Beige,Scattered Petal Print,Side-Slit ,Beige,Satin Ankle-Strap Heels,"Left hand resting on table or object, right hand lightly on top",,"Belt, leather, dark brown, simple buckle, worn at waist over skirt","Contemporary office with desk and laptop, evenly lit by daylight","Leaning back against a textured brick wall, one foot planted flat on the ground, the other leg bent at the knee and foot resting flat against the wall behind, creating a dynamic figure-4 shape suitable for a skirt.",
25,Hot Magenta + Jet Black,Small Heart Pattern,Camisole-Style Satin Top,Hot Magenta + Jet Black,Small Heart Pattern,Front-Slit ,Cream,Leather Strappy Heels,"Left hand resting on thigh, right hand lightly touching knee",,"Gold Bangle Bracelet, Pearl Necklace","Cozy caf? corner with tables and chairs, uniform daylight","Leaning back against a waist-high railing, elbows hooked over the bar, legs stretched out in front as if sliding down slightly, ankles crossed to maintain a neat skirt line.",
26,Bright Turquoise + Pure White,Minimal Star Pattern,Sheer Mesh Sleeveless Top,Bright Turquoise + Pure White,Minimal Star Pattern,Asymmetrical Hem ,Charcoal Gray,Patent Strappy Heels,"Left hand slightly raised, fingers relaxed, right hand behind back",,"Stacked Rings, Velvet Choker, Hair Clip","Cozy caf? terrace, sunlight evenly illuminating chairs and tables","Leaning the hips against the seat of a stationary bicycle, legs extended far forward to support the weight, creating a long diagonal slope with the body, feet together.",
27,Deep Navy Blue + Metallic Gold,Micro Check Pattern,Semi-Sheer Stretch Top,Deep Navy Blue + Metallic Gold,Micro Check Pattern,Wrap-Style  (Tight Fit),Slate Gray,Satin Strappy Heels,"Left hand touching cheek, right hand gently holding wrist",,"Leather Strap Watch, Gold Pendant Necklace, Hoop Earrings, Hair Flower","Cozy living area with sofa and coffee table, sunlight evenly filling space","Lounging in a bay window seat, knees drawn up towards the chest but slightly to the side, arms wrapping around shins, feet resting on the edge, filling the frame compactly.",
28,Chocolate Brown + Cream White,Grid Pattern,Lightweight Chiffon Top,Chocolate Brown + Cream White,Grid Pattern,Layered Panel ,Copper,Metallic Strappy Heels,"Left hand touching chin lightly, right hand on cheek",,"Gemstone Ring, Hair Pin, Drop Earrings, Layered Necklace Set, Clutch Bag","Cozy living room with fireplace, bright natural light from window","Low butterfly squat with soles of feet lightly pressed together, knees outward, back straight, head tilted slightly for aesthetic balance.",
29,Cool Light Gray + Bright Orange,Minimal Plaid,Lightweight Organza Top,Cool Light Gray + Bright Orange,Minimal Plaid,Minimal Pleated  (Tight Pleats),Rose Gold,Smooth Leather High-Heel Sandals,"Left hand touching hair near ear, right hand resting at side",,"Delicate Chain Bracelet, Silk Scarf, Stud Earrings, Hair Ribbon","Cozy reading corner with small bookshelf, uniform natural light","Low crouch on floor with feet flat, knees apart, torso upright, upper body slightly tilted forward for balance, toes pointed outward.",
30,Indigo Purple + Silver Gray,Thin Herringbone,Soft Drape Fabric Top,Indigo Purple + Silver Gray,Thin Herringbone,Seam-Detail ,Mint Green,Patent High-Heel Sandals,,,"Pearl Necklace, Hoop Earrings, Hair Flower, Shoulder Bag",Cozy reading nook with uniform warm lighting and bookshelf,"Low crouch on one knee, other leg extended forward, toes pointed, back straight, head slightly tilted toward camera.",
31,Jet Black + Metallic Silver,Fine Mesh Overlay,Fluid Fabric Sleeveless Top,Jet Black + Metallic Silver,Fine Mesh Overlay,Panel-Seamed ,Orange,Satin High-Heel Sandals,,,"Velvet Choker, Drop Earrings, Hair Clip, Clutch Bag","Cozy study nook with desk and lamp off, bright natural light","Low crouch with both knees bent, heels lightly raised, body tilted slightly forward, skirt flowing naturally, toes pointing outward.",
32,Jet Black + Metallic Gold,Semi-Sheer Mesh Texture,Minimal Cut-Out Fabric Top,Jet Black + Metallic Gold,Semi-Sheer Mesh Texture,Zip-Front ,,Smooth Leather Mule Heels,,,"Stacked Rings, Gold Pendant Necklace, Hair Pin, Hair Ribbon, Crossbody Bag","Garden patio with wooden deck, sunlight evenly hitting the space","Low crouch with one knee forward and the other angled outward, hips dropped close to ground, maintaining visual balance.",
33,Deep Forest Green + Khaki,Subtle Lace Overlay,Side Cut-Out Sleeveless Top,Deep Forest Green + Khaki,Subtle Lace Overlay,Button-Front ,,Patent Mule Heels,,,"Leather Strap Watch, Layered Necklace Set, Stud Earrings, Hair Bow, Shoulder Bag","Minimalist bathroom with glass shower, daylight uniformly bright","Low hover squat with heels lifted and knees wide, hips suspended just above the ground, tension visible in the thighs.",
34,Sky Blue + Pure White,Laser-Cut Pattern,Front Cut-Out Stretch Top,Sky Blue + Pure White,Laser-Cut Pattern,Cut-Out Detail ,,Suede Mule Heels,,,"Gemstone Ring, Velvet Choker, Drop Earrings, Hair Flower, Belt","Minimalist living room with white sofa, evenly illuminated by daylight","Low kneeling pose with legs spread wide apart to fill frame, back straight, torso slightly leaning forward, toes gently pointed outward, skirt draping naturally.",
35,Copper Brown + Off White,Cut-Out Geometric Pattern,Ribbed Knit Crop Top,Copper Brown + Off White,Cut-Out Geometric Pattern,Mesh-Overlay ,,Velvet Mule Heels,,,"Gold Bangle Bracelet, Silver Cuff Bracelet, Pearl Necklace, Stud Earrings, Hair Ribbon","Minimalist office with white walls, evenly lit by large windows","Low lunge with both knees bent at roughly 90 degrees, upper body slightly tilted forward, hips squared, balance perfectly maintained on both feet.",
36,Navy Blue + Cream White,Metallic Accent Pattern,Soft Knit Crop Top,Navy Blue + Cream White,Metallic Accent Pattern,Semi-Sheer Layer ,,Matte Leather Block Heels,,,"Delicate Chain Bracelet, Stacked Rings, Gold Pendant Necklace, Hoop Earrings, Clutch Bag","Minimalist workspace with white desk, sunlight uniformly bright","Low side lunge with one leg bent and other extended sideways, heels grounded, toes pointing outward, torso upright.",
37,Emerald Green + Pure White,Foil Print Detail,Stretch Fabric Crop Top,Emerald Green + Pure White,Foil Print Detail,Ribbed Stretch ,,Suede Block Heels,,,"Leather Strap Watch, Gemstone Ring, Layered Necklace Set, Hair Pin, Shoulder Bag","Modern bathroom with large window, daylight uniformly bright","Low squat on a chair seat with knees apart and heels flat on the floor, hips hovering slightly above the seat.",
38,Burgundy Red + Pure White,Glossy Coated Texture,Layered Sheer Top,Burgundy Red + Pure White,Glossy Coated Texture,Textured Fabric ,,Textured Leather Block Heels,,,"Rose Gold Bracelet, Silk Scarf, Drop Earrings, Hair Flower, Belt","Modern bathroom with white tiles, uniform natural light from window","Low squat on floor with one knee slightly forward, other slightly backward, torso upright, legs symmetrical for leg visibility.",
39,Bright Cyan + Jet Black,Textured Fabric Weave,Mesh Overlay Top,Bright Cyan + Jet Black,Textured Fabric Weave,Crinkle Fabric ,,Smooth Leather Kitten Heels,,,"Stacked Rings, Velvet Choker, Hair Clip, Pearl Necklace, Clutch Bag","Modern dining room with large table, sunlight filling entire room","Low squat on toes with knees wide and heels lifted, hips suspended mid-air, pose held deliberately.",
40,Slate Gray + Pure White,Ribbed Fabric Texture,Textured Fabric Sleeveless Top,Slate Gray + Pure White,Ribbed Fabric Texture,Wrinkle-Texture ,,Patent Kitten Heels,,,"Gold Bangle Bracelet, thin, shiny surface, worn loosely on left wrist, Pearl Necklace, classic white pearls, medium length, worn around neck","Modern dining room with large window, daylight filling the table","Low squat with feet parallel and slightly apart, torso leaning slightly forward, heels flat, knees wide to maximize thigh exposure.",
41,Deep Teal Blue + Pure White,Pleated Texture,Fine Pleated Sleeveless Top,Deep Teal Blue + Pure White,Pleated Texture,Fine Check ,,Suede Kitten Heels,,,"Silver Cuff Bracelet, engraved pattern, polished finish, worn on right wrist, Stud Earrings, small round diamond, worn on both earlobes","Modern kitchen with even daylight, polished surfaces reflecting light","Low squat with heels raised on toes, knees wide, torso slightly leaning forward, legs fully visible to camera.",
42,Emerald Green + Warm Beige,Quilted Micro Pattern,Metallic Finish Fabric Top,Emerald Green + Warm Beige,Quilted Micro Pattern,Minimal Pattern ,,Patent Mary Jane Heels,,,"Delicate Chain Bracelet, rose gold, small charms dangling, worn on left wrist, Hair Ribbon, satin, pale pink, tied in bow on right side","Modern kitchen with island and stools, uniform daylight","Low squat with one knee on floor, the other leg bent upright, torso slightly rotated toward camera, feet maintaining perfect flat contact.",
43,Bright Orange + Jet Black,Wrinkle Texture,Glossy Coated Fabric Top,Bright Orange + Jet Black,Wrinkle Texture,Solid Color ,,Matte Leather Mary Jane Heels,,,"Stacked Rings, multiple thin bands, mixed metals, worn on fingers of right hand, Shoulder Bag, leather, dark brown, small flap with buckle, worn on left shoulder","Modern kitchen with marble countertop, evenly lit by daylight","Lying on the stomach facing forward, elbows on the ground, lower legs kicked up behind in the air, creating a playful low-angle composition.",
44,Silver Gray + Jet Black,Soft Crinkle Fabric,Wrinkle-Texture Fabric Top,Silver Gray + Jet Black,Soft Crinkle Fabric,Two-Tone Panel ,,Velvet Mary Jane Heels,,,"Gemstone Ring, emerald stone in silver setting, worn on left ring finger, Pearl Necklace, classic white pearls, medium length, worn around neck","Modern library with glass roof, daylight uniformly illuminating shelves","One knee on chair seat, other leg stretched forward, foot resting on ground, torso straight, facing camera squarely.",
45,Deep Crimson + Cream White,Embossed Pattern,Crinkle Fabric Sleeveless Top,Deep Crimson + Cream White,Embossed Pattern,Side-Tie ,,Suede Cut-Out Heels,,,"Leather Strap Watch, brown leather band, small gold dial, worn on left wrist, Hoop Earrings, medium size gold hoops, worn on both ears","Modern living room with glass wall, daylight evenly filling interior","One knee resting on a low step while the other leg extends forward, toes pointed, hips lowered to create a sultry asymmetrical leg frame.",
46,Forest Green + Copper Brown,Heat-Pressed Pattern,Laser-Cut Fabric Top,Forest Green + Copper Brown,Heat-Pressed Pattern,Slanted Waist ,,Smooth Leather Cut-Out Heels,,,"Gold Bangle Bracelet, Pearl Necklace, Stud Earrings, Hair Ribbon","Modern living room with white walls and sofa, uniform bright light","One leg bent on chair, other leg stretched diagonally forward, toes pointed, upper body facing camera, balance maintained.",
47,Royal Blue + Silver Gray,Minimal Logo Pattern,Minimal Lace-Overlay Top,Royal Blue + Silver Gray,Minimal Logo Pattern,Sculpted Fit ,,Patent Cut-Out Heels,,,"Stacked Rings, Velvet Choker, Hair Clip, Shoulder Bag","Modern office with white desk and chair, uniform daylight","One-knee-down pose with the other leg extended long toward camera, hips lowered and weight balanced for leg emphasis.",
48,Grass Green + Lemon Yellow,Monogram Print,Soft Transparent Fabric Top,Grass Green + Lemon Yellow,Monogram Print,Ultra-Slim ,,Lucite-Heel Patent Pumps,,,"Leather Strap Watch, Gold Pendant Necklace, Hoop Earrings, Hair Flower, Clutch Bag","Open balcony with city view, soft natural daylight","One-leg-forward crouch with hips lowered and back leg bent, toes pointed outward for balance and leg focus.",
49,Magenta + Pure White,Typographic Print,Micro-Pattern Sleeveless Top,Magenta + Pure White,Typographic Print,,,Lucite-Heel Ankle-Strap Heels,,,"Gemstone Ring, Hair Pin, Drop Earrings, Layered Necklace Set, Crossbody Bag","Open garden patio with lounge chairs, light evenly filling the area","Perched high on the armrest of a leather sofa, legs draped down the side of the furniture, ankles crossed, body upright to fill the vertical space while legs create a diagonal line.",
50,Navy Blue + Jet Black,Graphic Symbol Pattern,Minimal Graphic Print Top,Navy Blue + Jet Black,Graphic Symbol Pattern,,,Sculpted Metal-Heel Pumps,,,"Delicate Chain Bracelet, Silk Scarf, Stud Earrings, Hair Ribbon, Belt","Open living space with sofa and coffee table, bright uniform light","Perched on a high edge, legs dangling straight down with ankles locked tightly in a cross, toes pointing straight down to elongate the silhouette.",
51,Turquoise + Bright Orange,Abstract Brush Stroke,,Turquoise + Bright Orange,Abstract Brush Stroke,,,Sculpted Heel Strappy Sandals,,,"Pearl Necklace, Hoop Earrings, Hair Flower, Shoulder Bag, Gold Bangle Bracelet","Open terrace with potted plants, uniform bright daylight","Perched on the edge of a tall bar stool, one leg hooked casually on the rung while the other leg stretches straight down towards the floor, toes pointed to maximize length, knees angled slightly inward.",
52,Indigo Purple + Cream White,Soft Smoke Pattern,,Indigo Purple + Cream White,Soft Smoke Pattern,,,Metallic Leather Stiletto Heels,,,"Velvet Choker, Drop Earrings, Hair Clip, Clutch Bag, Stacked Rings","Open-air caf? with tables and umbrellas, sunlight evenly distributed","Pose on hands and knees facing directly forward, shoulders and hips square to the camera, creating a low and wide horizontal block.",
53,Emerald Green + Cream White,Gradient Dot Pattern,,Emerald Green + Cream White,Gradient Dot Pattern,,,Croc-Embossed Leather Heels,,,"Stacked Rings, Gold Pendant Necklace, Hair Pin, Hair Ribbon, Crossbody Bag","Open-plan living room with dining table, bright natural light","Proper formal kneeling sitting on heels, knees aligned forward, shins flat against the floor, creating a polite and triangular silhouette.",
54,Burgundy Red + Charcoal Gray,Pixel Gradient Pattern,,Burgundy Red + Charcoal Gray,Pixel Gradient Pattern,,,Pebbled Leather Heels,,,"Leather Strap Watch, Layered Necklace Set, Stud Earrings, Hair Bow, Shoulder Bag","Open-plan living room with sofa and coffee table, evenly lit by daylight","Resting on a low concrete barrier, leaning forward slightly with elbows on thighs, legs spread shoulder-width but knees knocked inward (pigeon-toed style) to keep the skirt secure while showing full leg length.",
55,Sky Blue + Lemon Yellow,Minimal Camouflage,,Sky Blue + Lemon Yellow,Minimal Camouflage,,,Mesh-Overlay High Heels,,,"Gemstone Ring, Velvet Choker, Drop Earrings, Hair Flower, Belt","Open-plan office with desks, bright natural light","Rough street-style deep squat with legs spread extremely wide to the edges of the frame, feet planted flat and heavy, torso leaning slightly forward between the knees.",
56,Forest Green + Silver Gray,Digital Camo,,Forest Green + Silver Gray,Digital Camo,,,Lace-Overlay Heels,,,"Gold Bangle Bracelet, Silver Cuff Bracelet, Pearl Necklace, Stud Earrings, Hair Ribbon","Serene bedroom with white walls, large windows letting in even sunlight","Seated cross-legged on floor, upper body tall, back straight, knees spread wide enough to fill frame, feet flexed naturally outward.",
57,Royal Blue + Cream White,Modern Zebra Pattern,,Royal Blue + Cream White,Modern Zebra Pattern,,,Fabric-Wrapped Heel Pumps,,,"Delicate Chain Bracelet, Stacked Rings, Gold Pendant Necklace, Hoop Earrings, Clutch Bag","Spacious art studio with paint supplies, sunlight evenly spread","Seated on a chair with one leg crossed over the other, upper body slightly tilted forward, heels on floor, legs elegantly angled to camera.",
58,Bright Primary Red + Jet Black,Modern Leopard Print,,Bright Primary Red + Jet Black,Modern Leopard Print,,,,,,"Leather Strap Watch, Gemstone Ring, Layered Necklace Set, Hair Pin, Shoulder Bag","Spacious bedroom with canopy bed, sunlight uniformly bright","Seated on a white cube prop, legs bent at the knees and spread slightly apart but knees kept close enough for modesty, feet planted wide to create a stable triangular composition within the square frame.",
59,Turquoise + Silver Gray,Abstract Animal Print,,Turquoise + Silver Gray,Abstract Animal Print,,,,,,"Rose Gold Bracelet, Silk Scarf, Drop Earrings, Hair Flower, Belt","Spacious bedroom with large window, soft daylight evenly filling room","Seated on chair backward (backrest in front), knees bent over seat, heels touching floor, torso leaning slightly forward.",
60,Navy Blue + Warm Beige,Brush-Style Stripe Pattern,,Navy Blue + Warm Beige,Brush-Style Stripe Pattern,,,,,,"Stacked Rings, Velvet Choker, Hair Clip, Pearl Necklace, Clutch Bag","Spacious bedroom with open curtains, sunlight uniformly bright","Seated on heels with knees slightly apart, upper body elongated, skirt draping naturally, toes tucked under and pointing outward for cuteness.",
61,Emerald Green + Charcoal Gray,Ink Splash Pattern,,Emerald Green + Charcoal Gray,Ink Splash Pattern,,,,,,"Gold Bangle Bracelet, Leather Strap Watch, Stud Earrings, Hair Ribbon, Shoulder Bag","Spacious living room with floor-to-ceiling windows, bright ambient light","Seated on stairs with knees open and feet resting on different steps, hips centered, creating layered leg depth.",
62,Bright Orange + Cream White,Marble Vein Pattern,,Bright Orange + Cream White,Marble Vein Pattern,,,,,,"Gemstone Ring, Layered Necklace Set, Hoop Earrings, Hair Pin, Crossbody Bag","Spacious loft with high ceiling, bright daylight filling space","Seated on step with legs crossed at ankles, feet flexed, torso straight, head facing camera.",
63,Indigo Purple + Metallic Gold,Soft Cloud Pattern,,Indigo Purple + Metallic Gold,Soft Cloud Pattern,,,,,,"Delicate Chain Bracelet, Velvet Choker, Hair Flower, Pearl Necklace, Belt","Spacious loft with sofa and bookshelf, sunlight evenly illuminating space","Seated on stool, knees together but angled slightly to one side, heels touching floor, toes pointed, torso upright.",
64,Sky Blue + Silver Gray,,,Sky Blue + Silver Gray,,,,,,,"Stacked Rings, Gold Pendant Necklace, Drop Earrings, Hair Clip, Clutch Bag","Spacious nursery with crib, soft daylight filling the room","Seated pose on a stair corner with one leg bent and the other stretched forward, hips angled deliberately to frame thighs.",
65,Grass Green + Cream White,,,Grass Green + Cream White,,,,,,,"Leather Strap Watch, Pearl Choker, Stud Earrings, Hair Bow, Shoulder Bag","Spacious studio with painting materials, even daylight","Seated sideways on a bench with legs hanging down and knees slightly apart, hips subtly angled toward camera.",
66,Magenta + Silver Gray,,,Magenta + Silver Gray,,,,,,,"Rose Gold Bracelet, Layered Necklace Set, Hoop Earrings, Hair Ribbon, Crossbody Bag","Sunlit art gallery with white walls, uniform illumination on paintings","Side butterfly squat, one knee slightly higher than the other, heels lightly together, torso upright, balance and poise perfectly maintained.",
67,Forest Green + Off White,,,Forest Green + Off White,,,,,,,"Gold Bangle Bracelet, Velvet Choker, Drop Earrings, Hair Pin, Clutch Bag","Sunlit balcony garden with hanging plants, even illumination","Side lunge with one leg bent deeply and the other stretched fully to the side, torso upright, weight evenly distributed, toes elegantly pointed.",
68,Bright Primary Red + Pure White + Jet Black,,,Bright Primary Red + Pure White + Jet Black,,,,,,,"Gemstone Ring, Silk Scarf, Stud Earrings, Hair Flower, Belt","Sunlit balcony with plants, evenly bright daylight","Side step pose with one foot on stair, other leg stretched sideways, torso facing camera, elegant leg line.",
69,Royal Blue + Pure White + Metallic Gold,,,Royal Blue + Pure White + Metallic Gold,,,,,,,"Stacked Rings, Pearl Necklace, Hoop Earrings, Hair Ribbon, Shoulder Bag","Sunlit bedroom with cozy bed and bedside lamp off, evenly lit","Side-facing squat with hips rotated toward camera, knees bent wide, heels grounded, body forming a soft curve.",
70,Grass Green + Lemon Yellow + Pure White,,,Grass Green + Lemon Yellow + Pure White,,,,,,,"Leather Strap Watch, Gold Pendant Necklace, Drop Earrings, Hair Clip, Crossbody Bag","Sunlit caf? interior with bar counter, evenly illuminated","Sitting atop a large vintage suitcase placed horizontally, legs crossed tightly at the knees, the top leg pointing straight down, emphasizing a slender silhouette against the wide prop.",
71,Indigo Purple + Silver Gray + Jet Black,,,Indigo Purple + Silver Gray + Jet Black,,,,,,,,"Sunlit caf? interior with wooden tables, bright warm light","Sitting backward straddling a chair, legs spread wide around the chair back, chest pressed against the backrest, centered and grounded.",
72,Turquoise + Bright Orange + Pure White,,,Turquoise + Bright Orange + Pure White,,,,,,,,"Sunlit garden path with flowers on both sides, light uniform","Sitting cross-legged on floor, torso straight, knees angled slightly outward, feet flexed toward camera.",
73,Navy Blue + Khaki + Cream White,,,Navy Blue + Khaki + Cream White,,,,,,,,"Sunlit garden with small fountain, evenly bright light","Sitting cross-legged on stool, knees angled outward, toes pointed, torso upright, looking directly at camera.",
74,Hot Magenta + Pure Cyan + Jet Black,,,Hot Magenta + Pure Cyan + Jet Black,,,,,,,,Sunlit hallway with polished floors reflecting ambient light,"Sitting curled up tightly, hugging both knees close to the chest, feet lifted off the ground, compressing the body into a compact, rounded ball shape.",
75,Chocolate Brown + Warm Beige + Forest Green,,,Chocolate Brown + Warm Beige + Forest Green,,,,,,,,"Sunlit hallway with wooden floor, evenly illuminated","Sitting flat on the floor in a W-shape with knees touching tightly together in the center, calves folded back along the outside of thighs, feet pointing backward.",
76,Sky Blue + Lemon Yellow + Pure White,,,Sky Blue + Lemon Yellow + Pure White,,,,,,,,"Sunlit kitchen with hanging pots and utensils, uniform bright light","Sitting flat on the floor with legs crossed comfortably, knees spread wide to anchor the bottom corners of the frame, posture perfectly upright.",
77,Forest Green + Copper Brown + Off White,,,Forest Green + Copper Brown + Off White,,,,,,,,"Sunlit living room with sofa and rug, evenly illuminated","Sitting flat with legs extended straight forward toward the camera, ankles crossed gracefully at the prominent point, toes pointed slightly downward.",
78,Royal Blue + Pure White + Jet Black,,,Royal Blue + Pure White + Jet Black,,,,,,,,"Sunlit reading corner with armchair, uniform bright light","Sitting high up, legs hanging down and separated slightly into a narrow V-shape, knees facing inward to protect modesty.",
79,Deep Crimson + Cream White + Charcoal Gray,,,Deep Crimson + Cream White + Charcoal Gray,,,,,,,,"Sunlit terrace garden with flowers, even daylight across space","Sitting in a loose cross-legged position, knees relaxed and dropped low to the ground, ankles barely hooked.",
80,Turquoise + Silver Gray + Jet Black,,,Turquoise + Silver Gray + Jet Black,,,,,,,,"Sunny garden with colorful flowers and green lawn, light evenly spread","Sitting on a chair backward with hips pressed close to the seat edge, thighs angled downward, legs forming a strong inverted V-shape.",
81,Bright Orange + Navy Blue + Pure White,,,Bright Orange + Navy Blue + Pure White,,,,,,,,,"Sitting on a flat surface, leaning back on hands, with both knees pulled up and feet resting on the edges of the seat.",
82,Emerald Green + Cream White + Chocolate Brown,,,Emerald Green + Cream White + Chocolate Brown,,,,,,,,,"Sitting on a low object, knees wide apart but toes touching together on the floor in the center, creating a diamond shape with the legs.",
83,Magenta + Pure White + Jet Black,,,Magenta + Pure White + Jet Black,,,,,,,,,"Sitting on a picnic blanket with legs extended straight towards the camera, leaning back on hands for support, feet flexed, creating a deep perspective where legs look incredibly long.",
84,Indigo Purple + Metallic Gold + Jet Black,,,Indigo Purple + Metallic Gold + Jet Black,,,,,,,,,"Sitting on a stair landing with knees apart and feet resting on lower step, hips centered and grounded.",
85,Royal Blue + Lemon Yellow + Charcoal Gray,,,Royal Blue + Lemon Yellow + Charcoal Gray,,,,,,,,,"Sitting on a stool with legs extended diagonally and knees relaxed outward, hips subtly forward for a sultry stance.",
86,Grass Green + Pure White + Silver Gray,,,Grass Green + Pure White + Silver Gray,,,,,,,,,"Sitting on a surface, one leg hanging straight down, the other knee bent with the foot resting lightly against the straight leg's calf",
87,Turquoise + Coral Free Orange + Cream White,,,Turquoise + Coral Free Orange + Cream White,,,,,,,,,"Sitting on a tall stack of giant hardcover books, legs dangling off the ground, swinging slightly, toes pointed down, emphasizing the gap between feet and floor.",
88,Navy Blue + Metallic Gold + Pure White,,,Navy Blue + Metallic Gold + Pure White,,,,,,,,,"Sitting on edge of raised platform with knees bent, heels on platform edge, toes pointing outward, torso upright.",
89,Sky Blue + Charcoal Gray + Pure White,,,Sky Blue + Charcoal Gray + Pure White,,,,,,,,,"Sitting on one folded leg while the other leg is extended diagonally straight out to the side corner of the frame, toes pointed.",
90,Forest Green + Khaki + Off White,,,Forest Green + Khaki + Off White,,,,,,,,,"Sitting on one hip on the floor, legs stacked and bent at the knees, feet tucked behind, creating a triangular base.",
91,Magenta + Silver Gray + Jet Black,,,Magenta + Silver Gray + Jet Black,,,,,,,,,"Sitting on stairs with legs bent to side, one foot slightly forward, back straight, head facing camera.",
92,Indigo Purple + Cream White + Jet Black,,,Indigo Purple + Cream White + Jet Black,,,,,,,,,"Sitting on the backrest of a park bench rather than the seat, feet resting on the bench seat below, knees together, creating a tiered composition that fills the upper and lower frame.",
93,Bright Primary Red + Silver Gray + Jet Black,,,Bright Primary Red + Silver Gray + Jet Black,,,,,,,,,"Sitting on the edge of a chair with knees parted slightly and legs stretched forward, heels grounded, hips subtly angled to emphasize thigh length.",
94,Royal Blue + Cream White + Gold,,,Royal Blue + Cream White + Gold,,,,,,,,,"Sitting on the edge of a low stair, legs together but stretched forward, toes pointed, back straight, looking directly at camera.",
95,Emerald Green + Warm Beige + Chocolate Brown,,,Emerald Green + Warm Beige + Chocolate Brown,,,,,,,,,"Sitting on the edge of a sturdy school desk, leaning back slightly to support weight, both legs extended forward towards the camera lens creating a foreshortening effect, ankles crossed elegantly.",
96,Bright Turquoise + Pure White + Silver Gray,,,Bright Turquoise + Pure White + Silver Gray,,,,,,,,,"Sitting on the edge of a table with legs angled downward and slightly apart, hips forward, creating a teasing vertical leg line.",
97,Burgundy Red + Cream White + Charcoal Gray,,,Burgundy Red + Cream White + Charcoal Gray,,,,,,,,,"Sitting on the floor with both legs swept elegantly to one side, knees bent and stacked, creating a diagonal flow across the square frame.",
98,Sky Blue + Pure White + Navy Blue,,,Sky Blue + Pure White + Navy Blue,,,,,,,,,"Sitting on the floor with both legs swept elegantly to one side, knees stacked neatly together, calves varying slightly in angle to show leg length.",
99,Forest Green + Silver Gray + Jet Black,,,Forest Green + Silver Gray + Jet Black,,,,,,,,,"Sitting on the ground in a W-shape, with knees touching in the center and feet splayed out widely to the sides, keeping the torso straight and centered.",
100,Turquoise + Lemon Yellow + Pure White,,,Turquoise + Lemon Yellow + Pure White,,,,,,,,,"Sitting on the hood of a car, leaning back on palms, legs crossed at the ankles and stretched diagonally towards the bumper, utilizing the car's width to frame the legs.",
101,Chocolate Brown + Cream White + Gold,,,Chocolate Brown + Cream White + Gold,,,,,,,,,"Sitting on the middle step of a staircase, legs stretched out diagonally across the frame to the bottom corner, knees pressed together, torso upright creating a long elegant line from head to toe.",
102,Magenta + Jet Black + Pure White,,,Magenta + Jet Black + Pure White,,,,,,,,,"Sitting on the top step of a wooden stepladder, one foot resting on a high rung, the other leg dangling freely all the way down, creating visual layers and depth.",
103,Indigo Purple + Silver Gray + Cream White,,,Indigo Purple + Silver Gray + Cream White,,,,,,,,,"Sitting on the very edge, leaning the torso back, legs kicked slightly forward and hovering in the air, kept parallel and close.",
104,Navy Blue + Khaki + Off White,,,Navy Blue + Khaki + Off White,,,,,,,,,"Sitting sideways on a plush rug but torso turned to face forward, legs swept out to the side together, knees bent slightly, highlighting the curve of the calves and thighs without exposure.",
105,Bright Orange + Silver Gray + Jet Black,,,Bright Orange + Silver Gray + Jet Black,,,,,,,,,"Sitting with knees pulled up high toward the chest, feet planted close together flat on the ground, legs kept parallel and vertical",
106,Emerald Green + Pure White + Silver Gray,,,Emerald Green + Pure White + Silver Gray,,,,,,,,,"Sitting with legs extended forward but knees knocked slightly inward to touch, feet placed apart in a pigeon-toed stance.",
107,Sky Blue + Lemon Yellow + Cream White,,,Sky Blue + Lemon Yellow + Cream White,,,,,,,,,"Sitting with legs extended straight forward towards the camera, torso leaning far back, supported by weight behind, creating depth.",
108,Forest Green + Copper Brown + Cream White,,,Forest Green + Copper Brown + Cream White,,,,,,,,,"Sitting with legs opened in a wide V-shape split towards the bottom corners, torso centered, maximizing the horizontal space usage.",
109,Royal Blue + Pure White + Silver Gray,,,Royal Blue + Pure White + Silver Gray,,,,,,,,,"Sitting with one leg folded in front and the other leg folded back, creating a zigzag line with the thighs on the floor.",
110,Deep Crimson + Pure White + Jet Black,,,Deep Crimson + Pure White + Jet Black,,,,,,,,,"Sitting with soles of feet touching together, knees dropped outward but kept relatively high to form a diamond shape, creating a contained pose.",
111,Turquoise + Cream White + Gold,,,Turquoise + Cream White + Gold,,,,,,,,,"Sitting with the soles of the feet touching each other, knees dropped completely open to the sides like butterfly wings, creating a wide diamond shape with the legs.",
112,Grass Green + Lemon Yellow + Cream White,,,Grass Green + Lemon Yellow + Cream White,,,,,,,,,"Slow sink squat with feet parallel and slightly apart, knees forward, hips lowered deliberately, creating a soft but provocative silhouette.",
113,Magenta + Cream White + Charcoal Gray,,,Magenta + Cream White + Charcoal Gray,,,,,,,,,"Squat on chair with heels touching seat, knees wide, torso leaning slightly forward, camera-facing.",
114,Emerald Green + Warm Beige + Off White,,,Emerald Green + Warm Beige + Off White,,,,,,,,,"Squat on the edge of a low table, knees wide apart but heels touching, torso straight, feet angled outward.",
115,,,,,,,,,,,,,"Squatting down deeply on tiptoes, knees pressed firmly together in the center, heels raised high off the ground, thighs keeping a downward slope.",
116,,,,,,,,,,,,,"Step-down pose frozen mid-motion, one foot on stair and the other hovering just above ground, hips centered.",
117,,,,,,,,,,,,,"Step-up pose on low platform, one foot fully on step, other leg straightened behind, upper body facing camera, legs fully visible.",
118,,,,,,,,,,,,,"Super deep kawaii frog squat with knees bent super low and spread apart like a little frog, heels glued under body, toes pointing cutely outward, keeping perfect balance.",
119,,,,,,,,,,,,,"Super deep kawaii frog squat with knees bent super low and spread apart like a little frog, heels kept perfectly glued together under body, toes pointing cutely outward, maintaining perfect idol balance.",
120,,,,,,,,,,,,,"Symmetrical deep squat with knees pressed strictly together, heels raised slightly, keeping the body bundled into a tight, adorable vertical oval shape in the center.",
121,,,,,,,,,,,,,"Ultra-low teasing squat with knees wide and heels together, hips hovering just above ground, toes angled outward, posture steady and intentionally slow.",
122,,,,,,,,,,,,,"Upper body leaning heavily towards the camera lens, making the face prominent while the body recedes into the background, creating intense foreshortening.",
123,,,,,,,,,,,,,"Wide low squat with thighs slightly turned, heels close together, knees outward, torso leaning lightly forward, perfectly balanced.",
124,,,,,,,,,,,,,"Wide squat with heels planted and knees pushed outward, hips lowered deep but spine upright for elegance.",
125,,,,,,,,,,,,,"Wide-knee crouch with hips dropped low and toes turned outward, heels touching, posture controlled and intentionally slow.",
126,,,,,,,,,,,,,"Wide-legged kneel on the floor, thighs angled outward, heels touching, torso upright, creating elongated leg line.",
127,,,,,,,,,,,,,"Wide-legged seated pose, thighs bent and feet flat on floor, upper body upright, knees slightly apart to fill frame.",
128,,,,,,,,,,,,,"Wide-legged squat on floor with heels together, toes pointed outward, torso upright, creating symmetrical leg frame.",
129,,,,,,,,,,,,,"Wide-legged squat, thighs nearly parallel to the floor, heels touching lightly, back straight, head lifted slightly, giving stable yet dynamic pose.",
130,,,,,,,,,,,,,,
131,,,,,,,,,,,,,,
132,,,,,,,,,,,,,,
133,,,,,,,,,,,,,,
134,,,,,,,,,,,,,,
135,,,,,,,,,,,,,,
136,,,,,,,,,,,,,,
137,,,,,,,,,,,,,,
138,,,,,,,,,,,,,,
139,,,,,,,,,,,,,,
140,,,,,,,,,,,,,,
141,,,,,,,,,,,,,,
142,,,,,,,,,,,,,,
143,,,,,,,,,,,,,,
144,,,,,,,,,,,,,,
145,,,,,,,,,,,,,,
146,,,,,,,,,,,,,,
147,,,,,,,,,,,,,,
148,,,,,,,,,,,,,,
149,,,,,,,,,,,,,,
150,,,,,,,,,,,,,,
151,,,,,,,,,,,,,,
152,,,,,,,,,,,,,,
153,,,,,,,,,,,,,,